Date, Realm, RealmType, NodeName, SessionID, User, SourcePage, SourceArea, DestPage, DestArea, Type, Status, AppMetricName, AppMetric, AppDimension1, AppDimension2, AppInfo, Referer, AcceptLanguages, UserAgent, TestShortId, TestId, TestLine, AQL Queries,AQL QueriesMillis,Working Set,AQL Rows Fetched,AQL Rows FetchedMillis,ClusterRoot Reconstitutions,ClusterRoot ReconstitutionsMillis,Commits,CommitsMillis,ObjectCopies,SQL Updates,SQL UpdatesMillis,SQL Queries,SQL QueriesMillis,UpdateAttrsBlob,SQL Commits,SQL CommitsMillis,Connection Permit,Connection PermitMillis,JDBC Connection,JDBC ConnectionMillis,Response Size,Page Generation,Element Id Instantiations,visibilityExprEval,visibilityExprEvalMillis,editabilityExprEval,editabilityExprEvalMillis,validityExprEval,validityExprEvalMillis,Thread CPU TimeMillis,RuntimeMillis,
Sun Sep 05 22:25:00 PDT 2010,,,Node1,:,,"CoreServer-None","UpdateFreeTextNotesBlobIndexTask",,,Task,Success,,,,,,,,,,,,1,4,1,1,0,,,3,52,3,2,21,2,98,,2,4,4,0,4,0,,,,,,,,,,,189,
Sun Sep 05 22:25:00 PDT 2010,,,Node1,:,,"CoreServer-None","UpdateFreeTextFileBlobIndexTask",,,Task,Success,,,,,,,,,,,,1,8,1,1,0,,,3,34,3,2,17,2,112,,2,9,4,0,4,0,,,,,,,,,,,195,
Sun Sep 05 22:25:09 PDT 2010,System,Production,Node1,31B1A6C00DF1F2F95B6AE40FF1780BF9:10.12.105.84,,"ariba.collaborate.appui.DirectAction","default",ariba/ui/aribaweb/core/AWRedirect,,User,Success,,,,,,,"en-us,en;q=0.5","Mozilla/5.0 (Macintosh; U; Intel Mac OS X 10.6; en-US; rv:1.9.1.5) Gecko/20091102 Firefox/3.5.5",,,,5,123,14,12,0,12,423,,,14,,,54,479,,,,20,1,20,2,1217,1217,,,,,,,,1430,2687,
Sun Sep 05 22:25:11 PDT 2010,System,Production,Node1,31B1A6C00DF1F2F95B6AE40FF1780BF9:10.12.105.84,,"ariba.ui.sso.SSOActions","loginPage",ariba/ui/sso/SSOMain,,User,Success,,,,,,,"en-us,en;q=0.5","Mozilla/5.0 (Macintosh; U; Intel Mac OS X 10.6; en-US; rv:1.9.1.5) Gecko/20091102 Firefox/3.5.5",,,,,,6,,,,,,,,,,5,5,,,,1,0,1,0,19044,18675,32,,,,,,,810,1969,
Sun Sep 05 22:25:11 PDT 2010,,,Node1,:,,"ariba.collaborate.appui.DirectAction","awres",,,,Success,,,,,,,,,,,,,,,,,,,,,,,,,,,,,,,,,37,0,,,,,,,,0,1,
Sun Sep 05 22:25:11 PDT 2010,,,Node1,:,,"ariba.ui.aribaweb.core.AWXDebugResourceActions","content",,,,Success,,,,,,,,,,,,,,,,,,,,,,,,,,,,,,,,,1824,0,,,,,,,,0,0,
Sun Sep 05 22:25:11 PDT 2010,,,Node1,:,,"ariba.collaborate.appui.DirectAction","awres",,,,Success,,,,,,,,,,,,,,,,,,,,,,,,,,,,,,,,,0,0,,,,,,,,0,1,
Sun Sep 05 22:25:11 PDT 2010,,,Node1,:,,"ariba.collaborate.appui.DirectAction","awres",,,,Success,,,,,,,,,,,,,,,,,,,,,,,,,,,,,,,,,43120,0,,,,,,,,0,0,
Sun Sep 05 22:25:11 PDT 2010,,,Node1,:,,"ariba.ui.aribaweb.core.AWXDebugResourceActions","content",,,,Success,,,,,,,,,,,,,,,,,,,,,,,,,,,,,,,,,33989,0,,,,,,,,0,1,
Sun Sep 05 22:25:11 PDT 2010,,,Node1,:,,"ariba.ui.aribaweb.core.AWXDebugResourceActions","content",,,,Success,,,,,,,,,,,,,,,,,,,,,,,,,,,,,,,,,94130,0,,,,,,,,0,0,
Sun Sep 05 22:25:11 PDT 2010,,,Node1,:,,"ariba.ui.aribaweb.core.AWXDebugResourceActions","content",,,,Success,,,,,,,,,,,,,,,,,,,,,,,,,,,,,,,,,93299,0,,,,,,,,0,28,
Sun Sep 05 22:25:11 PDT 2010,,,Node1,:,,"ariba.collaborate.appui.DirectAction","awres",,,,Success,,,,,,,,,,,,,,,,,,,,,,,,,,,,,,,,,79323,0,,,,,,,,0,1,
Sun Sep 05 22:25:12 PDT 2010,,,Node1,:,,"ariba.collaborate.appui.DirectAction","awres",,,,Success,,,,,,,,,,,,,,,,,,,,,,,,,,,,,,,,,9374,0,,,,,,,,0,2,
Sun Sep 05 22:25:12 PDT 2010,,,Node1,:,,"ariba.collaborate.appui.DirectAction","awres",,,,Success,,,,,,,,,,,,,,,,,,,,,,,,,,,,,,,,,54,0,,,,,,,,0,1,
Sun Sep 05 22:25:12 PDT 2010,,,Node1,:,,"ariba.collaborate.appui.DirectAction","awres",,,,Success,,,,,,,,,,,,,,,,,,,,,,,,,,,,,,,,,43,0,,,,,,,,0,1,
Sun Sep 05 22:25:12 PDT 2010,,,Node1,:,,"ariba.collaborate.appui.DirectAction","awres",,,,Success,,,,,,,,,,,,,,,,,,,,,,,,,,,,,,,,,32154,0,,,,,,,,0,1,
Sun Sep 05 22:25:12 PDT 2010,,,Node1,:,,"ariba.collaborate.appui.DirectAction","awres",,,,Success,,,,,,,,,,,,,,,,,,,,,,,,,,,,,,,,,1872,0,,,,,,,,0,1,
Sun Sep 05 22:25:12 PDT 2010,,,Node1,:,,"ariba.collaborate.appui.DirectAction","awres",,,,Success,,,,,,,,,,,,,,,,,,,,,,,,,,,,,,,,,979,0,,,,,,,,0,1,
Sun Sep 05 22:25:12 PDT 2010,,,Node1,:,,"ariba.collaborate.appui.DirectAction","awres",,,,Success,,,,,,,,,,,,,,,,,,,,,,,,,,,,,,,,,772,0,,,,,,,,0,1,
Sun Sep 05 22:25:12 PDT 2010,,,Node1,:,,"ariba.collaborate.appui.DirectAction","awres",,,,Success,,,,,,,,,,,,,,,,,,,,,,,,,,,,,,,,,1268,0,,,,,,,,0,1,
Sun Sep 05 22:25:12 PDT 2010,,,Node1,:,,"ariba.collaborate.appui.DirectAction","awres",,,,Success,,,,,,,,,,,,,,,,,,,,,,,,,,,,,,,,,83,0,,,,,,,,0,1,
Sun Sep 05 22:25:12 PDT 2010,,,Node1,:,,"ariba.collaborate.appui.DirectAction","awres",,,,Success,,,,,,,,,,,,,,,,,,,,,,,,,,,,,,,,,310,0,,,,,,,,0,1,
Sun Sep 05 22:25:12 PDT 2010,,,Node1,:,,"ariba.collaborate.appui.DirectAction","awres",,,,Success,,,,,,,,,,,,,,,,,,,,,,,,,,,,,,,,,96,0,,,,,,,,0,2,
Sun Sep 05 22:25:12 PDT 2010,,,Node1,:,,"ariba.collaborate.appui.DirectAction","awres",,,,Success,,,,,,,,,,,,,,,,,,,,,,,,,,,,,,,,,187,0,,,,,,,,0,1,
Sun Sep 05 22:25:12 PDT 2010,,,Node1,:,,"ariba.collaborate.appui.DirectAction","awres",,,,Success,,,,,,,,,,,,,,,,,,,,,,,,,,,,,,,,,1430,0,,,,,,,,0,1,
Sun Sep 05 22:25:59 PDT 2010,s4All,Production,Node1,31B1A6C00DF1F2F95B6AE40FF1780BF9:10.12.105.84,cnoll,"ariba.ui.sso.SSOActions","login",ariba/ui/aribaweb/core/AWRedirect,,User,Success,,,,,,"http://mreddy:8150/Sourcing/Main/ad/loginPage/SSOActions?awsso_cc=cmVhbG06Y3pSaGJHdz07YXdzc29fcnU6YUhSMGNEb3ZMMjF5WldSa2VUbzRNVFV3TDFOdmRYSmphVzVuTDAxaGFXNC9jbVZoYkcwOWN6UmhiR3c9O2F3c3NvX2x1OmFIUjBjRG92TDIxeVpXUmtlVG80TVRVd0wxTnZkWEpqYVc1bkwwMWhhVzR2WVdRdlkyeHBaVzUwVEc5bmIzVjBMMU5UVDBGamRHbHZibk09O2F3c3NvX2FwOlFVTk47YXdzc29fYXJpZDpNVEk0TXpjMU1EY3dPVEl5TVE9PTthd3Nzb19rdTphSFIwY0RvdkwyMXlaV1JrZVRvNE1UVXdMMU52ZFhKamFXNW5MMDFoYVc0dllXUXZZMnhwWlc1MFMyVmxjRUZzYVhabEwxTlRUMEZqZEdsdmJuTT07YXdzc29fZmw6TVE9PQ%3D%3D%3AuJXeUUrXfKYg97Ra6FVSryj1rjE%3D&awsso_ap=ACM&awsso_hpk=true&realm=s4all&awsr=true","en-us,en;q=0.5","Mozilla/5.0 (Macintosh; U; Intel Mac OS X 10.6; en-US; rv:1.9.1.5) Gecko/20091102 Firefox/3.5.5",,,,17,1704,93,209,0,75,1575,6,281,77,4,154,83,4045,,4,17,60,0,60,4,209,209,2,,,,,,,4550,11440,
Sun Sep 05 22:25:59 PDT 2010,s4All,Production,Node1,31B1A6C00DF1F2F95B6AE40FF1780BF9:10.12.105.84,cnoll,"ariba.ui.sso.SSOActions","loginRedirect",,,,Success,,,,,,"http://mreddy:8150/Sourcing/Main/ad/loginPage/SSOActions?awsso_cc=cmVhbG06Y3pSaGJHdz07YXdzc29fcnU6YUhSMGNEb3ZMMjF5WldSa2VUbzRNVFV3TDFOdmRYSmphVzVuTDAxaGFXNC9jbVZoYkcwOWN6UmhiR3c9O2F3c3NvX2x1OmFIUjBjRG92TDIxeVpXUmtlVG80TVRVd0wxTnZkWEpqYVc1bkwwMWhhVzR2WVdRdlkyeHBaVzUwVEc5bmIzVjBMMU5UVDBGamRHbHZibk09O2F3c3NvX2FwOlFVTk47YXdzc29fYXJpZDpNVEk0TXpjMU1EY3dPVEl5TVE9PTthd3Nzb19rdTphSFIwY0RvdkwyMXlaV1JrZVRvNE1UVXdMMU52ZFhKamFXNW5MMDFoYVc0dllXUXZZMnhwWlc1MFMyVmxjRUZzYVhabEwxTlRUMEZqZEdsdmJuTT07YXdzc29fZmw6TVE9PQ%3D%3D%3AuJXeUUrXfKYg97Ra6FVSryj1rjE%3D&awsso_ap=ACM&awsso_hpk=true&realm=s4all&awsr=true","en-us,en;q=0.5","Mozilla/5.0 (Macintosh; U; Intel Mac OS X 10.6; en-US; rv:1.9.1.5) Gecko/20091102 Firefox/3.5.5",,,,,,2,,,,,,,,,,,,,,,,,,,2514,2434,,,,,,,,0,3,
Sun Sep 05 22:26:00 PDT 2010,s4All,Production,Node1,:,,"ariba.collaborate.appui.DirectAction","default",ariba/ui/aribaweb/core/AWRedirect,,User,Success,,,,,,,,,,,,6,277,89,29,0,,,3,11,77,1,3,17,60,,1,7,19,0,19,1,145,145,,,,,,,,90,406,
Sun Sep 05 22:26:05 PDT 2010,,,Node1,:,,"ariba.portlet.component.PortletProviderActions","stringFile",,,,Success,,,,,,,,,,,,,,,,,,,,,,,,,,,,,,,,,1832,1780,,,,,,,,150,443,
Sun Sep 05 22:26:08 PDT 2010,,,Node1,:,,"ariba.portlet.component.PortletProviderActions","stringFile",,,,Success,,,,,,,,,,,,,,,,,,,,,,,,,,,,,,,,,447,427,,,,,,,,0,10,
Sun Sep 05 22:26:08 PDT 2010,,,Node1,:,,"ariba.portlet.component.PortletProviderActions","stringFile",,,,Success,,,,,,,,,,,,,,,,,,,,,,,,,,,,,,,,,1047,1015,,,,,,,,0,5,
Sun Sep 05 22:26:08 PDT 2010,,,Node1,:,,"ariba.ui.aribaweb.core.AWXDebugResourceActions","content",,,,Success,,,,,,,,,,,,,,,,,,,,,,,,,,,,,,,,,1824,0,,,,,,,,0,0,
Sun Sep 05 22:26:08 PDT 2010,s4All,Production,Node1,205EF3F64E76CC1C4C8D565A43CA327E:10.12.105.84,cnoll,"ariba/dashboard/component/DashboardMain","refresh",ariba/dashboard/component/DashboardMain,,User,Success,,,,,,"http://mreddy:8150/Sourcing/Main/ad/loginRedirect/SSOActions?awr=2&realm=s4All&u=8eVUu703","en-us,en;q=0.5","Mozilla/5.0 (Macintosh; U; Intel Mac OS X 10.6; en-US; rv:1.9.1.5) Gecko/20091102 Firefox/3.5.5",,,,10,82,49,234,0,8,37,1,28,8,20,13,22,99,,1,5,24,1,24,1,95307,95100,504,,,,,,,1830,8535,
Sun Sep 05 22:26:09 PDT 2010,,,Node1,:,,"ariba.ui.aribaweb.core.AWXDebugResourceActions","content",,,,Success,,,,,,,,,,,,,,,,,,,,,,,,,,,,,,,,,33989,0,,,,,,,,0,0,
Sun Sep 05 22:26:09 PDT 2010,,,Node1,:,,"ariba.ui.aribaweb.core.AWXDebugResourceActions","content",,,,Success,,,,,,,,,,,,,,,,,,,,,,,,,,,,,,,,,93299,0,,,,,,,,0,1,
Sun Sep 05 22:26:09 PDT 2010,,,Node1,:,,"ariba.ui.aribaweb.core.AWXDebugResourceActions","content",,,,Success,,,,,,,,,,,,,,,,,,,,,,,,,,,,,,,,,94130,0,,,,,,,,0,0,
Sun Sep 05 22:26:09 PDT 2010,,,Node1,:,,"ariba.collaborate.appui.DirectAction","awres",,,,Success,,,,,,,,,,,,,,,,,,,,,,,,,,,,,,,,,54,0,,,,,,,,0,1,
Sun Sep 05 22:26:09 PDT 2010,,,Node1,:,,"ariba.collaborate.appui.DirectAction","awres",,,,Success,,,,,,,,,,,,,,,,,,,,,,,,,,,,,,,,,240,0,,,,,,,,0,1,
Sun Sep 05 22:26:09 PDT 2010,,,Node1,:,,"ariba.collaborate.appui.DirectAction","awres",,,,Success,,,,,,,,,,,,,,,,,,,,,,,,,,,,,,,,,176,0,,,,,,,,10,0,
Sun Sep 05 22:26:09 PDT 2010,,,Node1,:,,"ariba.collaborate.appui.DirectAction","awres",,,,Success,,,,,,,,,,,,,,,,,,,,,,,,,,,,,,,,,82,0,,,,,,,,0,1,
Sun Sep 05 22:26:09 PDT 2010,,,Node1,:,,"ariba.collaborate.appui.DirectAction","awres",,,,Success,,,,,,,,,,,,,,,,,,,,,,,,,,,,,,,,,74,0,,,,,,,,0,1,
Sun Sep 05 22:26:09 PDT 2010,,,Node1,:,,"ariba.collaborate.appui.DirectAction","awres",,,,Success,,,,,,,,,,,,,,,,,,,,,,,,,,,,,,,,,83,0,,,,,,,,0,1,
Sun Sep 05 22:26:09 PDT 2010,,,Node1,:,,"ariba.collaborate.appui.DirectAction","awres",,,,Success,,,,,,,,,,,,,,,,,,,,,,,,,,,,,,,,,632,0,,,,,,,,0,1,
Sun Sep 05 22:26:09 PDT 2010,,,Node1,:,,"ariba.collaborate.appui.DirectAction","awres",,,,Success,,,,,,,,,,,,,,,,,,,,,,,,,,,,,,,,,786,0,,,,,,,,0,2,
Sun Sep 05 22:26:09 PDT 2010,,,Node1,:,,"ariba.collaborate.appui.DirectAction","awres",,,,Success,,,,,,,,,,,,,,,,,,,,,,,,,,,,,,,,,175,0,,,,,,,,0,2,
Sun Sep 05 22:26:09 PDT 2010,,,Node1,:,,"ariba.collaborate.appui.DirectAction","awres",,,,Success,,,,,,,,,,,,,,,,,,,,,,,,,,,,,,,,,678,0,,,,,,,,0,0,
Sun Sep 05 22:26:09 PDT 2010,,,Node1,:,,"ariba.collaborate.appui.DirectAction","awres",,,,Success,,,,,,,,,,,,,,,,,,,,,,,,,,,,,,,,,77,0,,,,,,,,0,1,
Sun Sep 05 22:26:09 PDT 2010,,,Node1,:,,"ariba.collaborate.appui.DirectAction","awres",,,,Success,,,,,,,,,,,,,,,,,,,,,,,,,,,,,,,,,1204,0,,,,,,,,0,1,
Sun Sep 05 22:26:09 PDT 2010,,,Node1,:,,"ariba.collaborate.appui.DirectAction","awres",,,,Success,,,,,,,,,,,,,,,,,,,,,,,,,,,,,,,,,70,0,,,,,,,,0,3,
Sun Sep 05 22:26:09 PDT 2010,,,Node1,:,,"ariba.collaborate.appui.DirectAction","awres",,,,Success,,,,,,,,,,,,,,,,,,,,,,,,,,,,,,,,,1156,0,,,,,,,,0,1,
Sun Sep 05 22:26:09 PDT 2010,,,Node1,:,,"ariba.collaborate.appui.DirectAction","awres",,,,Success,,,,,,,,,,,,,,,,,,,,,,,,,,,,,,,,,871,0,,,,,,,,0,1,
Sun Sep 05 22:26:09 PDT 2010,,,Node1,:,,"ariba.collaborate.appui.DirectAction","awres",,,,Success,,,,,,,,,,,,,,,,,,,,,,,,,,,,,,,,,74,0,,,,,,,,0,0,
Sun Sep 05 22:26:09 PDT 2010,,,Node1,:,,"ariba.collaborate.appui.DirectAction","awres",,,,Success,,,,,,,,,,,,,,,,,,,,,,,,,,,,,,,,,74,0,,,,,,,,0,1,
Sun Sep 05 22:26:09 PDT 2010,,,Node1,:,,"ariba.collaborate.appui.DirectAction","awres",,,,Success,,,,,,,,,,,,,,,,,,,,,,,,,,,,,,,,,83,0,,,,,,,,0,0,
Sun Sep 05 22:26:09 PDT 2010,,,Node1,:,,"ariba.collaborate.appui.DirectAction","awres",,,,Success,,,,,,,,,,,,,,,,,,,,,,,,,,,,,,,,,1076,0,,,,,,,,0,0,
Sun Sep 05 22:26:09 PDT 2010,,,Node1,:,,"ariba.collaborate.appui.DirectAction","awres",,,,Success,,,,,,,,,,,,,,,,,,,,,,,,,,,,,,,,,59,0,,,,,,,,0,0,
Sun Sep 05 22:26:09 PDT 2010,,,Node1,:,,"ariba.collaborate.appui.DirectAction","awres",,,,Success,,,,,,,,,,,,,,,,,,,,,,,,,,,,,,,,,335,0,,,,,,,,0,1,
Sun Sep 05 22:26:09 PDT 2010,,,Node1,:,,"ariba.collaborate.appui.DirectAction","awres",,,,Success,,,,,,,,,,,,,,,,,,,,,,,,,,,,,,,,,94,0,,,,,,,,0,0,
Sun Sep 05 22:26:09 PDT 2010,,,Node1,:,,"ariba.collaborate.appui.DirectAction","awres",,,,Success,,,,,,,,,,,,,,,,,,,,,,,,,,,,,,,,,239,0,,,,,,,,0,1,
Sun Sep 05 22:26:09 PDT 2010,,,Node1,:,,"ariba.collaborate.appui.DirectAction","awres",,,,Success,,,,,,,,,,,,,,,,,,,,,,,,,,,,,,,,,2501,0,,,,,,,,0,1,
Sun Sep 05 22:26:09 PDT 2010,,,Node1,:,,"ariba.collaborate.appui.DirectAction","awres",,,,Success,,,,,,,,,,,,,,,,,,,,,,,,,,,,,,,,,74,0,,,,,,,,0,1,
Sun Sep 05 22:26:09 PDT 2010,,,Node1,:,,"ariba.collaborate.appui.DirectAction","awres",,,,Success,,,,,,,,,,,,,,,,,,,,,,,,,,,,,,,,,1132,0,,,,,,,,0,35,
Sun Sep 05 22:26:09 PDT 2010,,,Node1,:,,"ariba.collaborate.appui.DirectAction","awres",,,,Success,,,,,,,,,,,,,,,,,,,,,,,,,,,,,,,,,835,0,,,,,,,,0,15,
Sun Sep 05 22:26:09 PDT 2010,,,Node1,:,,"ariba.collaborate.appui.DirectAction","awres",,,,Success,,,,,,,,,,,,,,,,,,,,,,,,,,,,,,,,,306,0,,,,,,,,0,15,
Sun Sep 05 22:26:09 PDT 2010,,,Node1,:,,"ariba.collaborate.appui.DirectAction","awres",,,,Success,,,,,,,,,,,,,,,,,,,,,,,,,,,,,,,,,68,0,,,,,,,,0,16,
Sun Sep 05 22:26:09 PDT 2010,,,Node1,:,,"ariba.collaborate.appui.DirectAction","awres",,,,Success,,,,,,,,,,,,,,,,,,,,,,,,,,,,,,,,,295,0,,,,,,,,0,16,
Sun Sep 05 22:26:09 PDT 2010,,,Node1,:,,"ariba.collaborate.appui.DirectAction","awres",,,,Success,,,,,,,,,,,,,,,,,,,,,,,,,,,,,,,,,74,0,,,,,,,,0,16,
Sun Sep 05 22:26:09 PDT 2010,,,Node1,:,,"ariba.collaborate.appui.DirectAction","awres",,,,Success,,,,,,,,,,,,,,,,,,,,,,,,,,,,,,,,,898,0,,,,,,,,0,1,
Sun Sep 05 22:26:09 PDT 2010,,,Node1,:,,"ariba.collaborate.appui.DirectAction","awres",,,,Success,,,,,,,,,,,,,,,,,,,,,,,,,,,,,,,,,295,0,,,,,,,,0,0,
Sun Sep 05 22:26:09 PDT 2010,,,Node1,:,,"ariba.collaborate.appui.DirectAction","awres",,,,Success,,,,,,,,,,,,,,,,,,,,,,,,,,,,,,,,,292,0,,,,,,,,0,3,
Sun Sep 05 22:26:09 PDT 2010,,,Node1,:,,"ariba.ui.aribaweb.core.AWXDebugResourceActions","content",,,,Success,,,,,,,,,,,,,,,,,,,,,,,,,,,,,,,,,9093,0,,,,,,,,0,0,
Sun Sep 05 22:26:09 PDT 2010,,,Node1,:,,"ariba.collaborate.appui.DirectAction","awres",,,,Success,,,,,,,,,,,,,,,,,,,,,,,,,,,,,,,,,291,0,,,,,,,,0,0,
Sun Sep 05 22:26:09 PDT 2010,,,Node1,:,,"ariba.collaborate.appui.DirectAction","awres",,,,Success,,,,,,,,,,,,,,,,,,,,,,,,,,,,,,,,,294,0,,,,,,,,0,0,
Sun Sep 05 22:26:09 PDT 2010,,,Node1,:,,"ariba.collaborate.appui.DirectAction","awres",,,,Success,,,,,,,,,,,,,,,,,,,,,,,,,,,,,,,,,293,0,,,,,,,,0,0,
Sun Sep 05 22:26:09 PDT 2010,,,Node1,:,,"ariba.collaborate.appui.DirectAction","awres",,,,Success,,,,,,,,,,,,,,,,,,,,,,,,,,,,,,,,,295,0,,,,,,,,0,1,
Sun Sep 05 22:26:09 PDT 2010,,,Node1,:,,"ariba.collaborate.appui.DirectAction","awres",,,,Success,,,,,,,,,,,,,,,,,,,,,,,,,,,,,,,,,286,0,,,,,,,,0,0,
Sun Sep 05 22:26:09 PDT 2010,,,Node1,:,,"ariba.collaborate.appui.DirectAction","awres",,,,Success,,,,,,,,,,,,,,,,,,,,,,,,,,,,,,,,,175,0,,,,,,,,0,0,
Sun Sep 05 22:26:09 PDT 2010,,,Node1,:,,"ariba.collaborate.appui.DirectAction","awres",,,,Success,,,,,,,,,,,,,,,,,,,,,,,,,,,,,,,,,298,0,,,,,,,,0,0,
Sun Sep 05 22:26:14 PDT 2010,s4All,Production,Node1,205EF3F64E76CC1C4C8D565A43CA327E:10.12.105.84,cnoll,"ariba/dashboard/component/DashboardMain","poll",ariba/dashboard/component/DashboardMain,,User,Success,,,,,,"http://mreddy:8150/Sourcing/Main/aw?awh=r&awssk=z5EKxD9s&realm=s4All&dard=1","en-us,en;q=0.5","Mozilla/5.0 (Macintosh; U; Intel Mac OS X 10.6; en-US; rv:1.9.1.5) Gecko/20091102 Firefox/3.5.5",,,,,,2,,,,,,,,,,,,,,,,,,,24,24,,,,,,,,0,2,
Sun Sep 05 22:26:15 PDT 2010,,,Node1,:,,"ariba.collaborate.appui.DirectAction","awres",,,,Success,,,,,,,,,,,,,,,,,,,,,,,,,,,,,,,,,81,0,,,,,,,,0,0,
Sun Sep 05 22:26:15 PDT 2010,s4All,Production,Node1,205EF3F64E76CC1C4C8D565A43CA327E:10.12.105.84,cnoll,,,ariba/dashboard/component/DashboardMain,,User,Success,,,,,,"http://mreddy:8150/Sourcing/Main/aw?awh=r&awssk=z5EKxD9s&realm=s4All&dard=1","en-us,en;q=0.5","Mozilla/5.0 (Macintosh; U; Intel Mac OS X 10.6; en-US; rv:1.9.1.5) Gecko/20091102 Firefox/3.5.5",,,,3,6,40,6,0,,,1,4,,1,1,3,1,,1,2,4,0,4,0,97624,104759,51,,,,,,,140,309,
Sun Sep 05 22:26:20 PDT 2010,s4All,Production,Node1,205EF3F64E76CC1C4C8D565A43CA327E:10.12.105.84,cnoll,"ariba/dashboard/component/DashboardMain",,ariba/ui/aribaweb/core/AWUrlRedirect,,User,Success,,,,,,"http://mreddy:8150/Sourcing/Main/aw?awh=r&awssk=z5EKxD9s&realm=s4All&dard=1","en-us,en;q=0.5","Mozilla/5.0 (Macintosh; U; Intel Mac OS X 10.6; en-US; rv:1.9.1.5) Gecko/20091102 Firefox/3.5.5",,,,,,7,,,,,,,,,,,,,,,,,,,571,571,,,,,,,,10,46,
Sun Sep 05 22:26:20 PDT 2010,s4All,Production,Node1,205EF3F64E76CC1C4C8D565A43CA327E:10.12.105.84,cnoll,"ariba.ui.sso.SSOActions","logout",ariba/ui/sso/AWSSOLogoutPage,,User,Success,,,,,,"http://mreddy:8150/Sourcing/Main/aw?awh=r&awssk=z5EKxD9s&realm=s4All&dard=1","en-us,en;q=0.5","Mozilla/5.0 (Macintosh; U; Intel Mac OS X 10.6; en-US; rv:1.9.1.5) Gecko/20091102 Firefox/3.5.5",,,,,,4,,,,,2,15,1,1,3,,,,1,9,1,0,1,0,2157,2147,1,,,,,,,20,65,
Sun Sep 05 22:26:20 PDT 2010,s4All,Production,Node1,205EF3F64E76CC1C4C8D565A43CA327E:10.12.105.84,cnoll,"ariba.ui.sso.SSOActions","clientLogout",ariba/ui/aribaweb/core/AWFormRedirect,,User,Success,,,,,,"http://mreddy:8150/Sourcing/Main/ad/logout/SSOActions?awsso_su=aHR0cDovL21yZWRkeTo4MTUwL1NvdXJjaW5nL01haW4%2FcmVhbG09czRBbGwmcGFzc3dvcmRhZGFwdGVyPVBhc3N3b3JkQWRhcHRlcjE%3D%3AwJN0eNMfrTV2jU4QueGlyaZbh4k%3D&awsso_lu=aHR0cDovL21yZWRkeTo4MTUwL1NvdXJjaW5nL01haW4vYWQvY2xpZW50TG9nb3V0L1NTT0FjdGlvbnM%3D%3AAU2EFOuVIddKVA6YdHsnWFjYRqw%3D","en-us,en;q=0.5","Mozilla/5.0 (Macintosh; U; Intel Mac OS X 10.6; en-US; rv:1.9.1.5) Gecko/20091102 Firefox/3.5.5",,,,,,2,,,,,,,,,,,,,,,,,,,620,612,,,,,,,,0,2,
Sun Sep 05 22:26:20 PDT 2010,,,Node1,:,,"ariba.ui.sso.SSOActions","logoutAck",ariba/ui/sso/AWMulticastAckPage,,User,Success,,,,,,,,,,,,,,,,,,,,,,,,,,,,,,,,,79,79,,,,,,,,0,15,
Sun Sep 05 22:26:20 PDT 2010,System,Production,Node1,AEF093D6189F07AB48C4C04CF1BF57A1:10.12.105.84,,"ariba.collaborate.appui.DirectAction","default",ariba/ui/aribaweb/core/AWRedirect,,User,Success,,,,,,"http://mreddy:8150/Sourcing/Main/ad/logout/SSOActions?awsso_su=aHR0cDovL21yZWRkeTo4MTUwL1NvdXJjaW5nL01haW4%2FcmVhbG09czRBbGwmcGFzc3dvcmRhZGFwdGVyPVBhc3N3b3JkQWRhcHRlcjE%3D%3AwJN0eNMfrTV2jU4QueGlyaZbh4k%3D&awsso_lu=aHR0cDovL21yZWRkeTo4MTUwL1NvdXJjaW5nL01haW4vYWQvY2xpZW50TG9nb3V0L1NTT0FjdGlvbnM%3D%3AAU2EFOuVIddKVA6YdHsnWFjYRqw%3D","en-us,en;q=0.5","Mozilla/5.0 (Macintosh; U; Intel Mac OS X 10.6; en-US; rv:1.9.1.5) Gecko/20091102 Firefox/3.5.5",,,,,,6,,,,,,,6,,,,,,,,,,,,1503,1503,,,,,,,,10,22,
Sun Sep 05 22:26:20 PDT 2010,System,Production,Node1,AEF093D6189F07AB48C4C04CF1BF57A1:10.12.105.84,,"ariba.ui.sso.SSOActions","loginPage",ariba/ui/sso/SSOMain,,User,Success,,,,,,"http://mreddy:8150/Sourcing/Main/ad/logout/SSOActions?awsso_su=aHR0cDovL21yZWRkeTo4MTUwL1NvdXJjaW5nL01haW4%2FcmVhbG09czRBbGwmcGFzc3dvcmRhZGFwdGVyPVBhc3N3b3JkQWRhcHRlcjE%3D%3AwJN0eNMfrTV2jU4QueGlyaZbh4k%3D&awsso_lu=aHR0cDovL21yZWRkeTo4MTUwL1NvdXJjaW5nL01haW4vYWQvY2xpZW50TG9nb3V0L1NTT0FjdGlvbnM%3D%3AAU2EFOuVIddKVA6YdHsnWFjYRqw%3D","en-us,en;q=0.5","Mozilla/5.0 (Macintosh; U; Intel Mac OS X 10.6; en-US; rv:1.9.1.5) Gecko/20091102 Firefox/3.5.5",,,,,,6,,,,,,,,,,,,,,,,,,,19156,18787,,,,,,,,30,161,
Sun Sep 05 22:26:20 PDT 2010,,,Node1,:,,"ariba.ui.aribaweb.core.AWXDebugResourceActions","content",,,,Success,,,,,,,,,,,,,,,,,,,,,,,,,,,,,,,,,33989,0,,,,,,,,0,1,
Sun Sep 05 22:26:20 PDT 2010,,,Node1,:,,"ariba.ui.aribaweb.core.AWXDebugResourceActions","content",,,,Success,,,,,,,,,,,,,,,,,,,,,,,,,,,,,,,,,1824,0,,,,,,,,0,0,
Sun Sep 05 22:26:20 PDT 2010,,,Node1,:,,"ariba.collaborate.appui.DirectAction","awres",,,,Success,,,,,,,,,,,,,,,,,,,,,,,,,,,,,,,,,37,0,,,,,,,,0,1,
Sun Sep 05 22:26:21 PDT 2010,,,Node1,:,,"ariba.collaborate.appui.DirectAction","awres",,,,Success,,,,,,,,,,,,,,,,,,,,,,,,,,,,,,,,,43120,0,,,,,,,,0,1,
Sun Sep 05 22:26:21 PDT 2010,,,Node1,:,,"ariba.collaborate.appui.DirectAction","awres",,,,Success,,,,,,,,,,,,,,,,,,,,,,,,,,,,,,,,,0,0,,,,,,,,0,0,
Sun Sep 05 22:26:21 PDT 2010,,,Node1,:,,"ariba.ui.aribaweb.core.AWXDebugResourceActions","content",,,,Success,,,,,,,,,,,,,,,,,,,,,,,,,,,,,,,,,93299,0,,,,,,,,0,1,
Sun Sep 05 22:26:21 PDT 2010,,,Node1,:,,"ariba.ui.aribaweb.core.AWXDebugResourceActions","content",,,,Success,,,,,,,,,,,,,,,,,,,,,,,,,,,,,,,,,94130,0,,,,,,,,0,1,
Sun Sep 05 22:26:21 PDT 2010,,,Node1,:,,"ariba.collaborate.appui.DirectAction","awres",,,,Success,,,,,,,,,,,,,,,,,,,,,,,,,,,,,,,,,79323,0,,,,,,,,0,1,
Sun Sep 05 22:26:21 PDT 2010,,,Node1,:,,"ariba.collaborate.appui.DirectAction","awres",,,,Success,,,,,,,,,,,,,,,,,,,,,,,,,,,,,,,,,9374,0,,,,,,,,0,1,
Sun Sep 05 22:26:21 PDT 2010,,,Node1,:,,"ariba.collaborate.appui.DirectAction","awres",,,,Success,,,,,,,,,,,,,,,,,,,,,,,,,,,,,,,,,1872,0,,,,,,,,0,1,
Sun Sep 05 22:26:21 PDT 2010,,,Node1,:,,"ariba.collaborate.appui.DirectAction","awres",,,,Success,,,,,,,,,,,,,,,,,,,,,,,,,,,,,,,,,54,0,,,,,,,,0,1,
Sun Sep 05 22:26:21 PDT 2010,,,Node1,:,,"ariba.collaborate.appui.DirectAction","awres",,,,Success,,,,,,,,,,,,,,,,,,,,,,,,,,,,,,,,,979,0,,,,,,,,0,0,
Sun Sep 05 22:26:21 PDT 2010,,,Node1,:,,"ariba.collaborate.appui.DirectAction","awres",,,,Success,,,,,,,,,,,,,,,,,,,,,,,,,,,,,,,,,32154,0,,,,,,,,0,1,
Sun Sep 05 22:26:21 PDT 2010,,,Node1,:,,"ariba.collaborate.appui.DirectAction","awres",,,,Success,,,,,,,,,,,,,,,,,,,,,,,,,,,,,,,,,43,0,,,,,,,,0,0,
Sun Sep 05 22:26:21 PDT 2010,,,Node1,:,,"ariba.collaborate.appui.DirectAction","awres",,,,Success,,,,,,,,,,,,,,,,,,,,,,,,,,,,,,,,,772,0,,,,,,,,0,0,
Sun Sep 05 22:26:21 PDT 2010,,,Node1,:,,"ariba.collaborate.appui.DirectAction","awres",,,,Success,,,,,,,,,,,,,,,,,,,,,,,,,,,,,,,,,1268,0,,,,,,,,0,1,
Sun Sep 05 22:26:21 PDT 2010,,,Node1,:,,"ariba.collaborate.appui.DirectAction","awres",,,,Success,,,,,,,,,,,,,,,,,,,,,,,,,,,,,,,,,83,0,,,,,,,,0,0,
Sun Sep 05 22:26:21 PDT 2010,,,Node1,:,,"ariba.collaborate.appui.DirectAction","awres",,,,Success,,,,,,,,,,,,,,,,,,,,,,,,,,,,,,,,,187,0,,,,,,,,0,0,
Sun Sep 05 22:26:21 PDT 2010,,,Node1,:,,"ariba.collaborate.appui.DirectAction","awres",,,,Success,,,,,,,,,,,,,,,,,,,,,,,,,,,,,,,,,310,0,,,,,,,,0,0,
Sun Sep 05 22:26:21 PDT 2010,,,Node1,:,,"ariba.collaborate.appui.DirectAction","awres",,,,Success,,,,,,,,,,,,,,,,,,,,,,,,,,,,,,,,,96,0,,,,,,,,0,1,
Sun Sep 05 22:26:21 PDT 2010,,,Node1,:,,"ariba.collaborate.appui.DirectAction","awres",,,,Success,,,,,,,,,,,,,,,,,,,,,,,,,,,,,,,,,1430,0,,,,,,,,0,0,
Sun Sep 05 22:27:30 PDT 2010,,,Node1,:,,"CoreServer-prealm_1","RealmAutoManageTask",,,Task,Success,,,,,,,,,,,,1,3,1,1,0,,,3,11,3,2,4,1,1,,2,3,3,0,3,0,,,,,,,,,,,60,
Sun Sep 05 22:27:30 PDT 2010,,,Node1,:,,"CoreServer-prealm_1","UpdateSignatureTasksTask",,,Task,Success,,,,,,,,,,,,2,44,1,1,0,,,4,11,3,2,4,2,41,,2,3,4,0,4,1,,,,,,,,,,,87,
Sun Sep 05 22:29:50 PDT 2010,,,Node1,:,,"CoreServer-None","UpdateFreeTextAttrsBlobIndexRepeatedTask",,,Task,Success,,,,,,,,,,,,1,19,1,1,0,,,3,23,3,3,18,31,176,,2,2,33,1,33,4,,,,,,,,,,,290277,
Sun Sep 05 22:30:00 PDT 2010,,,Node1,:,,"CoreServer-None","EDMDataExtractTask",,,Task,Success,,,,,,,,,,,,1,2,1,1,0,,,3,11,3,2,6,1,2,,2,2,3,0,3,0,,,,,,,,,,,35,
Sun Sep 05 22:30:00 PDT 2010,,,Node1,:,,"CoreServer-None","UpdateFreeTextNotesBlobIndexTask",,,Task,Success,,,,,,,,,,,,1,5,1,1,0,,,3,28,3,2,2,2,4,,2,2,4,0,4,1,,,,,,,,,,,34,
Sun Sep 05 22:30:00 PDT 2010,,,Node1,:,,"CoreServer-None","UpdateFreeTextFileBlobIndexTask",,,Task,Success,,,,,,,,,,,,1,2,1,1,0,,,3,7,3,2,2,2,2,,2,4,4,0,4,0,,,,,,,,,,,10,
Sun Sep 05 22:30:00 PDT 2010,,,Node1,:,,"CoreServer-None","PostUpgradeTask",,,Task,Success,,,,,,,,,,,,1,4,4,1,0,,,3,5,6,2,2,4,63,,2,2,6,0,6,0,,,,,,,,,,,96,
Sun Sep 05 22:32:30 PDT 2010,,,Node1,:,,"CoreServer-prealm_1","RealmAutoManageTask",,,Task,Success,,,,,,,,,,,,1,3,1,1,0,,,3,7,3,2,2,1,1,,2,2,3,0,3,0,,,,,,,,,,,45,
Sun Sep 05 22:32:30 PDT 2010,,,Node1,:,,"CoreServer-prealm_1","UpdateSignatureTasksTask",,,Task,Success,,,,,,,,,,,,2,4,1,1,0,,,4,5,3,2,2,2,1,,2,2,4,0,4,0,,,,,,,,,,,46,
Sun Sep 05 22:34:50 PDT 2010,,,Node1,:,,"CoreServer-None","UpdateFreeTextAttrsBlobIndexRepeatedTask",,,Task,Success,,,,,,,,,,,,1,2,1,1,0,,,3,9,3,2,2,31,37,,2,6,33,0,33,1,,,,,,,,,,,290081,
Sun Sep 05 22:35:00 PDT 2010,,,Node1,:,,"CoreServer-None","UpdateFreeTextNotesBlobIndexTask",,,Task,Success,,,,,,,,,,,,1,4,1,1,0,,,3,17,3,2,2,2,2,,2,3,4,0,4,0,,,,,,,,,,,24,
Sun Sep 05 22:35:00 PDT 2010,,,Node1,:,,"CoreServer-None","UpdateFreeTextFileBlobIndexTask",,,Task,Success,,,,,,,,,,,,1,6,1,1,0,,,3,9,3,2,2,2,2,,2,3,4,0,4,0,,,,,,,,,,,21,
Sun Sep 05 22:35:00 PDT 2010,,,Node1,:,,"CoreServer-prealm_1","PostUpgradeTask",,,Task,Success,,,,,,,,,,,,1,4,1,1,0,,,3,6,3,2,2,4,5,,2,2,6,0,6,0,,,,,,,,,,,31,
Sun Sep 05 22:37:30 PDT 2010,,,Node1,:,,"CoreServer-prealm_1","RealmAutoManageTask",,,Task,Success,,,,,,,,,,,,1,3,1,1,0,,,3,19,3,2,2,1,2,,2,15,3,1,3,1,,,,,,,,,,,51,
Sun Sep 05 22:37:30 PDT 2010,,,Node1,:,,"CoreServer-prealm_1","UpdateSignatureTasksTask",,,Task,Success,,,,,,,,,,,,2,5,1,1,0,,,4,21,3,2,1,2,1,,2,17,4,1,4,1,,,,,,,,,,,54,
Sun Sep 05 22:39:50 PDT 2010,,,Node1,:,,"CoreServer-None","UpdateFreeTextAttrsBlobIndexRepeatedTask",,,Task,Success,,,,,,,,,,,,1,9,1,1,0,,,3,46,3,2,3,31,90,,2,39,33,0,33,4,,,,,,,,,,,290221,
Sun Sep 05 22:40:00 PDT 2010,,,Node1,:,,"CoreServer-None","UpdateFreeTextNotesBlobIndexTask",,,Task,Success,,,,,,,,,,,,1,5,1,1,0,,,3,10,3,2,2,2,4,,2,1,4,0,4,4,,,,,,,,,,,14,
Sun Sep 05 22:40:00 PDT 2010,,,Node1,:,,"CoreServer-None","PostUpgradeTask",,,Task,Success,,,,,,,,,,,,1,7,1,1,0,,,3,11,3,2,4,1,5,,2,2,3,0,3,0,,,,,,,,,,,16,
Sun Sep 05 22:40:00 PDT 2010,,,Node1,:,,"CoreServer-None","UpdateFreeTextFileBlobIndexTask",,,Task,Success,,,,,,,,,,,,1,2,1,1,0,,,3,8,3,2,2,2,2,,2,3,4,0,4,4,,,,,,,,,,,14,
Sun Sep 05 22:41:53 PDT 2010,s4All,Production,Node1,AEF093D6189F07AB48C4C04CF1BF57A1:10.12.105.84,molson,"ariba.ui.sso.SSOActions","login",ariba/ui/aribaweb/core/AWRedirect,,User,Success,,,,,,"http://mreddy:8150/Sourcing/Main/ad/loginPage/SSOActions?awsso_cc=cGFzc3dvcmRhZGFwdGVyOlVHRnpjM2R2Y21SQlpHRndkR1Z5TVE9PTtyZWFsbTpjelJCYkd3PTthd3Nzb19ydTphSFIwY0RvdkwyMXlaV1JrZVRvNE1UVXdMMU52ZFhKamFXNW5MMDFoYVc0L2NtVmhiRzA5Y3pSQmJHd21jR0Z6YzNkdmNtUmhaR0Z3ZEdWeVBWQmhjM04zYjNKa1FXUmhjSFJsY2pFPTthd3Nzb19sdTphSFIwY0RvdkwyMXlaV1JrZVRvNE1UVXdMMU52ZFhKamFXNW5MMDFoYVc0dllXUXZZMnhwWlc1MFRHOW5iM1YwTDFOVFQwRmpkR2x2Ym5NPTthd3Nzb19hcDpRVU5OO2F3c3NvX2FyaWQ6TVRJNE16YzFNRGM0TURZME5RPT07YXdzc29fa3U6YUhSMGNEb3ZMMjF5WldSa2VUbzRNVFV3TDFOdmRYSmphVzVuTDAxaGFXNHZZV1F2WTJ4cFpXNTBTMlZsY0VGc2FYWmxMMU5UVDBGamRHbHZibk09O2F3c3NvX2ZsOk1RPT0%3D%3AWJ3c1P1A0r4osDKYW1M0RGn8BIM%3D&awsso_ap=ACM&awsso_hpk=true&passwordadapter=PasswordAdapter1&realm=s4All&awsr=true","en-us,en;q=0.5","Mozilla/5.0 (Macintosh; U; Intel Mac OS X 10.6; en-US; rv:1.9.1.5) Gecko/20091102 Firefox/3.5.5",,,,23,1056,271,138,0,102,743,19,2826,77,131,2638,273,1522,1,15,28,172,1,172,11,209,209,,,,,,,,1040,6857,
Sun Sep 05 22:41:53 PDT 2010,s4All,Production,Node1,AEF093D6189F07AB48C4C04CF1BF57A1:10.12.105.84,molson,"ariba.ui.sso.SSOActions","loginRedirect",,,,Success,,,,,,"http://mreddy:8150/Sourcing/Main/ad/loginPage/SSOActions?awsso_cc=cGFzc3dvcmRhZGFwdGVyOlVHRnpjM2R2Y21SQlpHRndkR1Z5TVE9PTtyZWFsbTpjelJCYkd3PTthd3Nzb19ydTphSFIwY0RvdkwyMXlaV1JrZVRvNE1UVXdMMU52ZFhKamFXNW5MMDFoYVc0L2NtVmhiRzA5Y3pSQmJHd21jR0Z6YzNkdmNtUmhaR0Z3ZEdWeVBWQmhjM04zYjNKa1FXUmhjSFJsY2pFPTthd3Nzb19sdTphSFIwY0RvdkwyMXlaV1JrZVRvNE1UVXdMMU52ZFhKamFXNW5MMDFoYVc0dllXUXZZMnhwWlc1MFRHOW5iM1YwTDFOVFQwRmpkR2x2Ym5NPTthd3Nzb19hcDpRVU5OO2F3c3NvX2FyaWQ6TVRJNE16YzFNRGM0TURZME5RPT07YXdzc29fa3U6YUhSMGNEb3ZMMjF5WldSa2VUbzRNVFV3TDFOdmRYSmphVzVuTDAxaGFXNHZZV1F2WTJ4cFpXNTBTMlZsY0VGc2FYWmxMMU5UVDBGamRHbHZibk09O2F3c3NvX2ZsOk1RPT0%3D%3AWJ3c1P1A0r4osDKYW1M0RGn8BIM%3D&awsso_ap=ACM&awsso_hpk=true&passwordadapter=PasswordAdapter1&realm=s4All&awsr=true","en-us,en;q=0.5","Mozilla/5.0 (Macintosh; U; Intel Mac OS X 10.6; en-US; rv:1.9.1.5) Gecko/20091102 Firefox/3.5.5",,,,,,2,,,,,,,,,,,,,,,,,,,2547,2467,,,,,,,,0,0,
Sun Sep 05 22:41:53 PDT 2010,s4All,Production,Node1,:,,"ariba.collaborate.appui.DirectAction","default",ariba/ui/aribaweb/core/AWRedirect,,User,Success,,,,,,,,,,,,6,29,90,18,0,,,5,205,78,5,109,17,26,,3,5,20,0,20,0,145,145,,,,,,,,150,334,
Sun Sep 05 22:41:55 PDT 2010,,,Node1,:,,"ariba.ui.aribaweb.core.AWXDebugResourceActions","content",,,,Success,,,,,,,,,,,,,,,,,,,,,,,,,,,,,,,,,1824,0,,,,,,,,0,0,
Sun Sep 05 22:41:55 PDT 2010,s4All,Production,Node1,7F975F20EBBBFA5D323ACC30552ABC04:10.12.105.84,molson,"ariba/dashboard/component/DashboardMain","refresh",ariba/dashboard/component/DashboardMain,,User,Success,,,,,,"http://mreddy:8150/Sourcing/Main/ad/loginRedirect/SSOActions?awr=2&u=an2IZIGE&realm=s4All","en-us,en;q=0.5","Mozilla/5.0 (Macintosh; U; Intel Mac OS X 10.6; en-US; rv:1.9.1.5) Gecko/20091102 Firefox/3.5.5",,,,10,38,45,135,0,,,1,19,4,20,12,10,27,,1,1,11,0,11,0,105407,105195,14,,,,,,,190,1269,
Sun Sep 05 22:41:55 PDT 2010,,,Node1,:,,"ariba.ui.aribaweb.core.AWXDebugResourceActions","content",,,,Success,,,,,,,,,,,,,,,,,,,,,,,,,,,,,,,,,33989,0,,,,,,,,20,17,
Sun Sep 05 22:41:55 PDT 2010,,,Node1,:,,"ariba.ui.aribaweb.core.AWXDebugResourceActions","content",,,,Success,,,,,,,,,,,,,,,,,,,,,,,,,,,,,,,,,93299,0,,,,,,,,0,0,
Sun Sep 05 22:41:55 PDT 2010,,,Node1,:,,"ariba.ui.aribaweb.core.AWXDebugResourceActions","content",,,,Success,,,,,,,,,,,,,,,,,,,,,,,,,,,,,,,,,94130,0,,,,,,,,0,17,
Sun Sep 05 22:41:55 PDT 2010,,,Node1,:,,"ariba.collaborate.appui.DirectAction","awres",,,,Success,,,,,,,,,,,,,,,,,,,,,,,,,,,,,,,,,54,0,,,,,,,,0,1,
Sun Sep 05 22:41:55 PDT 2010,,,Node1,:,,"ariba.collaborate.appui.DirectAction","awres",,,,Success,,,,,,,,,,,,,,,,,,,,,,,,,,,,,,,,,240,0,,,,,,,,0,1,
Sun Sep 05 22:41:55 PDT 2010,,,Node1,:,,"ariba.collaborate.appui.DirectAction","awres",,,,Success,,,,,,,,,,,,,,,,,,,,,,,,,,,,,,,,,82,0,,,,,,,,0,1,
Sun Sep 05 22:41:55 PDT 2010,,,Node1,:,,"ariba.collaborate.appui.DirectAction","awres",,,,Success,,,,,,,,,,,,,,,,,,,,,,,,,,,,,,,,,176,0,,,,,,,,0,1,
Sun Sep 05 22:41:55 PDT 2010,,,Node1,:,,"ariba.collaborate.appui.DirectAction","awres",,,,Success,,,,,,,,,,,,,,,,,,,,,,,,,,,,,,,,,74,0,,,,,,,,0,1,
Sun Sep 05 22:41:55 PDT 2010,,,Node1,:,,"ariba.collaborate.appui.DirectAction","awres",,,,Success,,,,,,,,,,,,,,,,,,,,,,,,,,,,,,,,,83,0,,,,,,,,0,1,
Sun Sep 05 22:41:55 PDT 2010,,,Node1,:,,"ariba.collaborate.appui.DirectAction","awres",,,,Success,,,,,,,,,,,,,,,,,,,,,,,,,,,,,,,,,632,0,,,,,,,,0,1,
Sun Sep 05 22:41:55 PDT 2010,,,Node1,:,,"ariba.collaborate.appui.DirectAction","awres",,,,Success,,,,,,,,,,,,,,,,,,,,,,,,,,,,,,,,,786,0,,,,,,,,0,0,
Sun Sep 05 22:41:55 PDT 2010,,,Node1,:,,"ariba.collaborate.appui.DirectAction","awres",,,,Success,,,,,,,,,,,,,,,,,,,,,,,,,,,,,,,,,175,0,,,,,,,,0,0,
Sun Sep 05 22:41:55 PDT 2010,,,Node1,:,,"ariba.collaborate.appui.DirectAction","awres",,,,Success,,,,,,,,,,,,,,,,,,,,,,,,,,,,,,,,,678,0,,,,,,,,0,1,
Sun Sep 05 22:41:55 PDT 2010,,,Node1,:,,"ariba.collaborate.appui.DirectAction","awres",,,,Success,,,,,,,,,,,,,,,,,,,,,,,,,,,,,,,,,77,0,,,,,,,,0,1,
Sun Sep 05 22:41:55 PDT 2010,,,Node1,:,,"ariba.collaborate.appui.DirectAction","awres",,,,Success,,,,,,,,,,,,,,,,,,,,,,,,,,,,,,,,,70,0,,,,,,,,0,1,
Sun Sep 05 22:41:55 PDT 2010,,,Node1,:,,"ariba.collaborate.appui.DirectAction","awres",,,,Success,,,,,,,,,,,,,,,,,,,,,,,,,,,,,,,,,1204,0,,,,,,,,0,1,
Sun Sep 05 22:41:55 PDT 2010,,,Node1,:,,"ariba.collaborate.appui.DirectAction","awres",,,,Success,,,,,,,,,,,,,,,,,,,,,,,,,,,,,,,,,1156,0,,,,,,,,0,1,
Sun Sep 05 22:41:55 PDT 2010,,,Node1,:,,"ariba.collaborate.appui.DirectAction","awres",,,,Success,,,,,,,,,,,,,,,,,,,,,,,,,,,,,,,,,871,0,,,,,,,,10,1,
Sun Sep 05 22:41:55 PDT 2010,,,Node1,:,,"ariba.collaborate.appui.DirectAction","awres",,,,Success,,,,,,,,,,,,,,,,,,,,,,,,,,,,,,,,,74,0,,,,,,,,0,1,
Sun Sep 05 22:41:55 PDT 2010,,,Node1,:,,"ariba.collaborate.appui.DirectAction","awres",,,,Success,,,,,,,,,,,,,,,,,,,,,,,,,,,,,,,,,83,0,,,,,,,,0,1,
Sun Sep 05 22:41:55 PDT 2010,,,Node1,:,,"ariba.collaborate.appui.DirectAction","awres",,,,Success,,,,,,,,,,,,,,,,,,,,,,,,,,,,,,,,,1076,0,,,,,,,,0,0,
Sun Sep 05 22:41:55 PDT 2010,,,Node1,:,,"ariba.collaborate.appui.DirectAction","awres",,,,Success,,,,,,,,,,,,,,,,,,,,,,,,,,,,,,,,,59,0,,,,,,,,0,1,
Sun Sep 05 22:41:55 PDT 2010,,,Node1,:,,"ariba.collaborate.appui.DirectAction","awres",,,,Success,,,,,,,,,,,,,,,,,,,,,,,,,,,,,,,,,74,0,,,,,,,,0,1,
Sun Sep 05 22:41:55 PDT 2010,,,Node1,:,,"ariba.collaborate.appui.DirectAction","awres",,,,Success,,,,,,,,,,,,,,,,,,,,,,,,,,,,,,,,,94,0,,,,,,,,0,1,
Sun Sep 05 22:41:55 PDT 2010,,,Node1,:,,"ariba.collaborate.appui.DirectAction","awres",,,,Success,,,,,,,,,,,,,,,,,,,,,,,,,,,,,,,,,239,0,,,,,,,,0,0,
Sun Sep 05 22:41:55 PDT 2010,,,Node1,:,,"ariba.collaborate.appui.DirectAction","awres",,,,Success,,,,,,,,,,,,,,,,,,,,,,,,,,,,,,,,,81,0,,,,,,,,0,0,
Sun Sep 05 22:41:55 PDT 2010,,,Node1,:,,"ariba.collaborate.appui.DirectAction","awres",,,,Success,,,,,,,,,,,,,,,,,,,,,,,,,,,,,,,,,2501,0,,,,,,,,0,1,
Sun Sep 05 22:41:55 PDT 2010,,,Node1,:,,"ariba.collaborate.appui.DirectAction","awres",,,,Success,,,,,,,,,,,,,,,,,,,,,,,,,,,,,,,,,74,0,,,,,,,,0,0,
Sun Sep 05 22:41:55 PDT 2010,,,Node1,:,,"ariba.collaborate.appui.DirectAction","awres",,,,Success,,,,,,,,,,,,,,,,,,,,,,,,,,,,,,,,,306,0,,,,,,,,0,1,
Sun Sep 05 22:41:55 PDT 2010,,,Node1,:,,"ariba.collaborate.appui.DirectAction","awres",,,,Success,,,,,,,,,,,,,,,,,,,,,,,,,,,,,,,,,74,0,,,,,,,,0,0,
Sun Sep 05 22:41:55 PDT 2010,,,Node1,:,,"ariba.collaborate.appui.DirectAction","awres",,,,Success,,,,,,,,,,,,,,,,,,,,,,,,,,,,,,,,,295,0,,,,,,,,0,1,
Sun Sep 05 22:41:55 PDT 2010,,,Node1,:,,"ariba.collaborate.appui.DirectAction","awres",,,,Success,,,,,,,,,,,,,,,,,,,,,,,,,,,,,,,,,1252,0,,,,,,,,0,1,
Sun Sep 05 22:41:55 PDT 2010,,,Node1,:,,"ariba.collaborate.appui.DirectAction","awres",,,,Success,,,,,,,,,,,,,,,,,,,,,,,,,,,,,,,,,68,0,,,,,,,,0,1,
Sun Sep 05 22:41:55 PDT 2010,,,Node1,:,,"ariba.collaborate.appui.DirectAction","awres",,,,Success,,,,,,,,,,,,,,,,,,,,,,,,,,,,,,,,,835,0,,,,,,,,0,1,
Sun Sep 05 22:41:55 PDT 2010,,,Node1,:,,"ariba.collaborate.appui.DirectAction","awres",,,,Success,,,,,,,,,,,,,,,,,,,,,,,,,,,,,,,,,898,0,,,,,,,,0,1,
Sun Sep 05 22:41:55 PDT 2010,,,Node1,:,,"ariba.collaborate.appui.DirectAction","awres",,,,Success,,,,,,,,,,,,,,,,,,,,,,,,,,,,,,,,,292,0,,,,,,,,0,1,
Sun Sep 05 22:41:55 PDT 2010,,,Node1,:,,"ariba.collaborate.appui.DirectAction","awres",,,,Success,,,,,,,,,,,,,,,,,,,,,,,,,,,,,,,,,295,0,,,,,,,,0,0,
Sun Sep 05 22:41:55 PDT 2010,,,Node1,:,,"ariba.collaborate.appui.DirectAction","awres",,,,Success,,,,,,,,,,,,,,,,,,,,,,,,,,,,,,,,,291,0,,,,,,,,0,0,
Sun Sep 05 22:41:55 PDT 2010,,,Node1,:,,"ariba.collaborate.appui.DirectAction","awres",,,,Success,,,,,,,,,,,,,,,,,,,,,,,,,,,,,,,,,294,0,,,,,,,,0,1,
Sun Sep 05 22:41:55 PDT 2010,,,Node1,:,,"ariba.collaborate.appui.DirectAction","awres",,,,Success,,,,,,,,,,,,,,,,,,,,,,,,,,,,,,,,,293,0,,,,,,,,0,1,
Sun Sep 05 22:41:55 PDT 2010,,,Node1,:,,"ariba.collaborate.appui.DirectAction","awres",,,,Success,,,,,,,,,,,,,,,,,,,,,,,,,,,,,,,,,295,0,,,,,,,,0,1,
Sun Sep 05 22:41:55 PDT 2010,,,Node1,:,,"ariba.collaborate.appui.DirectAction","awres",,,,Success,,,,,,,,,,,,,,,,,,,,,,,,,,,,,,,,,286,0,,,,,,,,0,1,
Sun Sep 05 22:41:55 PDT 2010,,,Node1,:,,"ariba.collaborate.appui.DirectAction","awres",,,,Success,,,,,,,,,,,,,,,,,,,,,,,,,,,,,,,,,175,0,,,,,,,,0,1,
Sun Sep 05 22:41:55 PDT 2010,,,Node1,:,,"ariba.collaborate.appui.DirectAction","awres",,,,Success,,,,,,,,,,,,,,,,,,,,,,,,,,,,,,,,,298,0,,,,,,,,0,1,
Sun Sep 05 22:41:56 PDT 2010,,,Node1,:,,"ariba.ui.aribaweb.core.AWXDebugResourceActions","content",,,,Success,,,,,,,,,,,,,,,,,,,,,,,,,,,,,,,,,9093,0,,,,,,,,0,0,
Sun Sep 05 22:42:05 PDT 2010,,,Node1,:,,"ariba.collaborate.appui.DirectAction","awres",,,,Success,,,,,,,,,,,,,,,,,,,,,,,,,,,,,,,,,102,0,,,,,,,,0,1,
Sun Sep 05 22:42:05 PDT 2010,,,Node1,:,,"ariba.collaborate.appui.DirectAction","awres",,,,Success,,,,,,,,,,,,,,,,,,,,,,,,,,,,,,,,,98,0,,,,,,,,0,10,
Sun Sep 05 22:42:05 PDT 2010,,,Node1,:,,"ariba.collaborate.appui.DirectAction","awres",,,,Success,,,,,,,,,,,,,,,,,,,,,,,,,,,,,,,,,48,0,,,,,,,,0,1,
Sun Sep 05 22:42:05 PDT 2010,,,Node1,:,,"ariba.collaborate.appui.DirectAction","awres",,,,Success,,,,,,,,,,,,,,,,,,,,,,,,,,,,,,,,,60,0,,,,,,,,0,11,
Sun Sep 05 22:42:05 PDT 2010,,,Node1,:,,"ariba.collaborate.appui.DirectAction","awres",,,,Success,,,,,,,,,,,,,,,,,,,,,,,,,,,,,,,,,61,0,,,,,,,,0,1,
Sun Sep 05 22:42:05 PDT 2010,s4All,Production,Node1,7F975F20EBBBFA5D323ACC30552ABC04:10.12.105.84,molson,"ariba.collaborate.dashboard.CollaborateMainActionsController","createNewProjectOfType",ariba/collaborate/projectui/CreateProjectDetailsPage,,User,Success,,,,,,"http://mreddy:8150/Sourcing/Main/aw?awh=r&awssk=iZr33NcL&realm=s4All&dard=1","en-us,en;q=0.5","Mozilla/5.0 (Macintosh; U; Intel Mac OS X 10.6; en-US; rv:1.9.1.5) Gecko/20091102 Firefox/3.5.5",,,,20,411,243,39,0,131,2523,7,332,145,30,286,375,2272,1,5,18,70,0,70,5,69582,71713,416,17,385,2,0,,,1500,5532,
Sun Sep 05 22:42:05 PDT 2010,,,Node1,:,,"ariba.collaborate.appui.DirectAction","awres",,,,Success,,,,,,,,,,,,,,,,,,,,,,,,,,,,,,,,,347,0,,,,,,,,0,1,
Sun Sep 05 22:42:05 PDT 2010,,,Node1,:,,"ariba.ui.aribaweb.core.AWXDebugResourceActions","content",,,,Success,,,,,,,,,,,,,,,,,,,,,,,,,,,,,,,,,4661,0,,,,,,,,0,1,
Sun Sep 05 22:42:05 PDT 2010,,,Node1,:,,"ariba.collaborate.appui.DirectAction","awres",,,,Success,,,,,,,,,,,,,,,,,,,,,,,,,,,,,,,,,353,0,,,,,,,,0,1,
Sun Sep 05 22:42:05 PDT 2010,,,Node1,:,,"ariba.collaborate.appui.DirectAction","awres",,,,Success,,,,,,,,,,,,,,,,,,,,,,,,,,,,,,,,,374,0,,,,,,,,0,0,
Sun Sep 05 22:42:05 PDT 2010,,,Node1,:,,"ariba.collaborate.appui.DirectAction","awres",,,,Success,,,,,,,,,,,,,,,,,,,,,,,,,,,,,,,,,343,0,,,,,,,,0,1,
Sun Sep 05 22:42:05 PDT 2010,,,Node1,:,,"ariba.collaborate.appui.DirectAction","awres",,,,Success,,,,,,,,,,,,,,,,,,,,,,,,,,,,,,,,,296,0,,,,,,,,0,1,
Sun Sep 05 22:42:05 PDT 2010,,,Node1,:,,"ariba.collaborate.appui.DirectAction","awres",,,,Success,,,,,,,,,,,,,,,,,,,,,,,,,,,,,,,,,537,0,,,,,,,,0,0,
Sun Sep 05 22:42:06 PDT 2010,,,Node1,:,,"ariba.collaborate.appui.DirectAction","awres",,,,Success,,,,,,,,,,,,,,,,,,,,,,,,,,,,,,,,,317,0,,,,,,,,0,34,
Sun Sep 05 22:42:19 PDT 2010,s4All,Production,Node1,7F975F20EBBBFA5D323ACC30552ABC04:10.12.105.84,molson,"ariba/collaborate/projectui/CreateProjectDetailsPage",,ariba/collaborate/projectui/CreateProjectDetailsPage,,User,Success,,,,,,"http://mreddy:8150/Sourcing/Main/aw?awh=r&awssk=iZr33NcL&realm=s4All&dard=1","en-us,en;q=0.5","Mozilla/5.0 (Macintosh; U; Intel Mac OS X 10.6; en-US; rv:1.9.1.5) Gecko/20091102 Firefox/3.5.5",,,,,,178,,,,,4,0,7,,,3,73,,,,2,0,2,0,69018,88350,101,34,87,4,1,,,210,495,
Sun Sep 05 22:42:19 PDT 2010,,,Node1,:,,"ariba.collaborate.appui.DirectAction","awres",,,,Success,,,,,,,,,,,,,,,,,,,,,,,,,,,,,,,,,97,0,,,,,,,,0,1,
Sun Sep 05 22:42:19 PDT 2010,,,Node1,:,,"ariba.collaborate.appui.DirectAction","awres",,,,Success,,,,,,,,,,,,,,,,,,,,,,,,,,,,,,,,,379,0,,,,,,,,0,1,
Sun Sep 05 22:42:19 PDT 2010,,,Node1,:,,"ariba.collaborate.appui.DirectAction","awres",,,,Success,,,,,,,,,,,,,,,,,,,,,,,,,,,,,,,,,374,0,,,,,,,,0,1,
Sun Sep 05 22:42:30 PDT 2010,,,Node1,:,,"CoreServer-prealm_1","RealmAutoManageTask",,,Task,Success,,,,,,,,,,,,1,3,1,1,0,,,3,8,3,2,2,1,1,,2,2,3,0,3,0,,,,,,,,,,,15,
Sun Sep 05 22:42:30 PDT 2010,,,Node1,:,,"CoreServer-prealm_1","UpdateSignatureTasksTask",,,Task,Success,,,,,,,,,,,,2,4,1,1,0,,,4,7,3,2,2,2,1,,2,2,4,0,4,0,,,,,,,,,,,18,
Sun Sep 05 22:42:32 PDT 2010,,,Node1,:,,"ariba.collaborate.appui.DirectAction","progressCheck",,,,Success,,,,,,,,,,,,,,,,,,,,,,,,,,,,,,,,,41,41,,,,,,,,0,1,
Sun Sep 05 22:42:36 PDT 2010,,,Node1,:,,"ariba.collaborate.appui.DirectAction","awres",,,,Success,,,,,,,,,,,,,,,,,,,,,,,,,,,,,,,,,65,0,,,,,,,,0,1,
Sun Sep 05 22:42:36 PDT 2010,,,Node1,:,,"ariba.collaborate.appui.DirectAction","awres",,,,Success,,,,,,,,,,,,,,,,,,,,,,,,,,,,,,,,,60,0,,,,,,,,0,0,
Sun Sep 05 22:42:36 PDT 2010,,,Node1,:,,"ariba.collaborate.appui.DirectAction","awres",,,,Success,,,,,,,,,,,,,,,,,,,,,,,,,,,,,,,,,157,0,,,,,,,,0,1,
Sun Sep 05 22:42:36 PDT 2010,,,Node1,:,,"ariba.collaborate.appui.DirectAction","awres",,,,Success,,,,,,,,,,,,,,,,,,,,,,,,,,,,,,,,,221,0,,,,,,,,0,1,
Sun Sep 05 22:42:36 PDT 2010,,,Node1,:,,"ariba.collaborate.appui.DirectAction","awres",,,,Success,,,,,,,,,,,,,,,,,,,,,,,,,,,,,,,,,223,0,,,,,,,,0,0,
Sun Sep 05 22:42:36 PDT 2010,,,Node1,:,,"ariba.collaborate.appui.DirectAction","awres",,,,Success,,,,,,,,,,,,,,,,,,,,,,,,,,,,,,,,,218,0,,,,,,,,0,0,
Sun Sep 05 22:42:36 PDT 2010,,,Node1,:,,"ariba.collaborate.appui.DirectAction","awres",,,,Success,,,,,,,,,,,,,,,,,,,,,,,,,,,,,,,,,371,0,,,,,,,,0,1,
Sun Sep 05 22:42:36 PDT 2010,s4All,Production,Node1,7F975F20EBBBFA5D323ACC30552ABC04:10.12.105.84,molson,"ariba/collaborate/projectui/CreateProjectDetailsPage",,@ariba.sourcing.eventui/RFXRuleStepName,,User,Success,,,"WS2308:Doc3381","Reverse Auction",,"http://mreddy:8150/Sourcing/Main/aw?awh=r&awssk=iZr33NcL&realm=s4All&dard=1","en-us,en;q=0.5","Mozilla/5.0 (Macintosh; U; Intel Mac OS X 10.6; en-US; rv:1.9.1.5) Gecko/20091102 Firefox/3.5.5",,,,52,2025,359,550,0,109,4639,10,2097,24,48,1915,160,5455,2,12,37,103,0,103,6,88505,90503,490,116,12,19,26,11,12,2020,11962,
Sun Sep 05 22:42:36 PDT 2010,,,Node1,:,,"ariba.collaborate.appui.DirectAction","awres",,,,Success,,,,,,,,,,,,,,,,,,,,,,,,,,,,,,,,,375,0,,,,,,,,0,1,
Sun Sep 05 22:42:36 PDT 2010,,,Node1,:,,"ariba.collaborate.appui.DirectAction","awres",,,,Success,,,,,,,,,,,,,,,,,,,,,,,,,,,,,,,,,187,0,,,,,,,,0,1,
Sun Sep 05 22:42:36 PDT 2010,,,Node1,:,,"ariba.collaborate.appui.DirectAction","awres",,,,Success,,,,,,,,,,,,,,,,,,,,,,,,,,,,,,,,,217,0,,,,,,,,0,0,
Sun Sep 05 22:42:36 PDT 2010,,,Node1,:,,"ariba.collaborate.appui.DirectAction","awres",,,,Success,,,,,,,,,,,,,,,,,,,,,,,,,,,,,,,,,3755,0,,,,,,,,0,8,
Sun Sep 05 22:42:36 PDT 2010,,,Node1,:,,"ariba.collaborate.appui.DirectAction","awres",,,,Success,,,,,,,,,,,,,,,,,,,,,,,,,,,,,,,,,642,0,,,,,,,,0,1,
Sun Sep 05 22:42:42 PDT 2010,s4All,Production,Node1,7F975F20EBBBFA5D323ACC30552ABC04:10.12.105.84,molson,"@ariba.sourcing.eventui/RFXRuleStepName",,@ariba.sourcing.eventui/RFXRuleStepName,,User,Success,,,"WS2308:Doc3381","Reverse Auction",,"http://mreddy:8150/Sourcing/Main/aw?awh=r&awssk=iZr33NcL&realm=s4All&dard=1","en-us,en;q=0.5","Mozilla/5.0 (Macintosh; U; Intel Mac OS X 10.6; en-US; rv:1.9.1.5) Gecko/20091102 Firefox/3.5.5",,,,2,7,45,1,0,,,1,95,,4,88,2,4,1,1,2,3,0,3,1,4473,90102,1,198,14,15,0,,,160,421,
Sun Sep 05 22:42:50 PDT 2010,s4All,Production,Node1,7F975F20EBBBFA5D323ACC30552ABC04:10.12.105.84,molson,"ariba/sourcing/rfxui/wizards/ASPRFXWizard",,$getContext.getSupplierStepName,,User,Success,,,"WS2308:Doc3381","Reverse Auction",,"http://mreddy:8150/Sourcing/Main/aw?awh=r&awssk=iZr33NcL&realm=s4All&dard=1","en-us,en;q=0.5","Mozilla/5.0 (Macintosh; U; Intel Mac OS X 10.6; en-US; rv:1.9.1.5) Gecko/20091102 Firefox/3.5.5",,,,5,29,109,29,0,,,2,19,,4,7,5,14,1,2,3,8,0,8,0,32471,54349,61,99,7,15,0,,,480,793,
Sun Sep 05 22:42:50 PDT 2010,,,Node1,:,,"ariba.collaborate.appui.DirectAction","awres",,,,Success,,,,,,,,,,,,,,,,,,,,,,,,,,,,,,,,,61,0,,,,,,,,0,1,
Sun Sep 05 22:42:50 PDT 2010,,,Node1,:,,"ariba.collaborate.appui.DirectAction","awres",,,,Success,,,,,,,,,,,,,,,,,,,,,,,,,,,,,,,,,157,0,,,,,,,,0,1,
Sun Sep 05 22:42:50 PDT 2010,,,Node1,:,,"ariba.collaborate.appui.DirectAction","awres",,,,Success,,,,,,,,,,,,,,,,,,,,,,,,,,,,,,,,,223,0,,,,,,,,0,0,
Sun Sep 05 22:42:50 PDT 2010,,,Node1,:,,"ariba.collaborate.appui.DirectAction","awres",,,,Success,,,,,,,,,,,,,,,,,,,,,,,,,,,,,,,,,1235,0,,,,,,,,0,1,
Sun Sep 05 22:42:50 PDT 2010,,,Node1,:,,"ariba.collaborate.appui.DirectAction","awres",,,,Success,,,,,,,,,,,,,,,,,,,,,,,,,,,,,,,,,54,0,,,,,,,,0,0,
Sun Sep 05 22:42:50 PDT 2010,,,Node1,:,,"ariba.collaborate.appui.DirectAction","awres",,,,Success,,,,,,,,,,,,,,,,,,,,,,,,,,,,,,,,,295,0,,,,,,,,0,5,
Sun Sep 05 22:42:55 PDT 2010,s4All,Production,Node1,7F975F20EBBBFA5D323ACC30552ABC04:10.12.105.84,molson,"$getContext.getSupplierStepName",,ariba/sourcing/rfxui/ASPSupplierSearch,,User,Success,,,,,,"http://mreddy:8150/Sourcing/Main/aw?awh=r&awssk=iZr33NcL&realm=s4All&dard=1","en-us,en;q=0.5","Mozilla/5.0 (Macintosh; U; Intel Mac OS X 10.6; en-US; rv:1.9.1.5) Gecko/20091102 Firefox/3.5.5",,,,6,32,104,46,0,65,515,1,6,8,1,1,57,329,,1,0,18,1,18,2,51370,53670,134,,,,,,,540,1387,
Sun Sep 05 22:42:55 PDT 2010,,,Node1,:,,"ariba.collaborate.appui.DirectAction","awres",,,,Success,,,,,,,,,,,,,,,,,,,,,,,,,,,,,,,,,109,0,,,,,,,,0,1,
Sun Sep 05 22:42:56 PDT 2010,s4All,Production,Node1,7F975F20EBBBFA5D323ACC30552ABC04:10.12.105.84,molson,"ariba/sourcing/rfxui/ASPSupplierSearch","poll",ariba/sourcing/rfxui/ASPSupplierSearch,,User,Success,,,,,,"http://mreddy:8150/Sourcing/Main/aw?awh=r&awssk=iZr33NcL&realm=s4All&dard=1","en-us,en;q=0.5","Mozilla/5.0 (Macintosh; U; Intel Mac OS X 10.6; en-US; rv:1.9.1.5) Gecko/20091102 Firefox/3.5.5",,,,,,2,,,,,,,,,,1,1,,1,0,,,1,0,26,26,,,,,,,,0,3,
Sun Sep 05 22:43:03 PDT 2010,s4All,Production,Node1,7F975F20EBBBFA5D323ACC30552ABC04:10.12.105.84,molson,"ariba/sourcing/rfxui/ASPSupplierSearch",,ariba/sourcing/rfxui/ASPSupplierSearch,,User,Success,,,,,,"http://mreddy:8150/Sourcing/Main/aw?awh=r&awssk=iZr33NcL&realm=s4All&dard=1","en-us,en;q=0.5","Mozilla/5.0 (Macintosh; U; Intel Mac OS X 10.6; en-US; rv:1.9.1.5) Gecko/20091102 Firefox/3.5.5",,,,6,233,76,8,0,7,414,,,4,,,40,501,,,,18,0,18,0,36350,55951,20,4,0,,,,,140,926,
Sun Sep 05 22:43:09 PDT 2010,s4All,Production,Node1,7F975F20EBBBFA5D323ACC30552ABC04:10.12.105.84,molson,"ariba/sourcing/rfxui/ASPSupplierSearch",,$getContext.getSupplierStepName,,User,Success,,,"WS2308:Doc3381","Reverse Auction",,"http://mreddy:8150/Sourcing/Main/aw?awh=r&awssk=iZr33NcL&realm=s4All&dard=1","en-us,en;q=0.5","Mozilla/5.0 (Macintosh; U; Intel Mac OS X 10.6; en-US; rv:1.9.1.5) Gecko/20091102 Firefox/3.5.5",,,,2,4,46,,,,,1,39,,13,27,2,2,,1,2,3,0,3,1,60414,62683,40,14,0,,,,,100,321,
Sun Sep 05 22:43:09 PDT 2010,,,Node1,:,,"ariba.collaborate.appui.DirectAction","awres",,,,Success,,,,,,,,,,,,,,,,,,,,,,,,,,,,,,,,,86,0,,,,,,,,0,0,
Sun Sep 05 22:43:09 PDT 2010,,,Node1,:,,"ariba.collaborate.appui.DirectAction","awres",,,,Success,,,,,,,,,,,,,,,,,,,,,,,,,,,,,,,,,64,0,,,,,,,,0,0,
Sun Sep 05 22:43:13 PDT 2010,s4All,Production,Node1,7F975F20EBBBFA5D323ACC30552ABC04:10.12.105.84,molson,"ariba/sourcing/rfxui/wizards/ASPRFXWizard",,@ariba.sourcing.eventui/RFXContentStepName,,User,Success,,,"WS2308:Doc3381","Reverse Auction",,"http://mreddy:8150/Sourcing/Main/aw?awh=r&awssk=iZr33NcL&realm=s4All&dard=1","en-us,en;q=0.5","Mozilla/5.0 (Macintosh; U; Intel Mac OS X 10.6; en-US; rv:1.9.1.5) Gecko/20091102 Firefox/3.5.5",,,,,,69,,,,,2,10,,2,2,,,,2,2,2,0,2,0,46574,68401,134,6,0,,,,,320,423,
Sun Sep 05 22:43:13 PDT 2010,,,Node1,:,,"ariba.collaborate.appui.DirectAction","awres",,,,Success,,,,,,,,,,,,,,,,,,,,,,,,,,,,,,,,,217,0,,,,,,,,0,1,
Sun Sep 05 22:43:19 PDT 2010,,,Node1,:,,"ariba.collaborate.appui.DirectAction","awres",,,,Success,,,,,,,,,,,,,,,,,,,,,,,,,,,,,,,,,64,0,,,,,,,,0,1,
Sun Sep 05 22:43:19 PDT 2010,,,Node1,:,,"ariba.collaborate.appui.DirectAction","awres",,,,Success,,,,,,,,,,,,,,,,,,,,,,,,,,,,,,,,,655,0,,,,,,,,0,0,
Sun Sep 05 22:43:19 PDT 2010,,,Node1,:,,"ariba.ui.aribaweb.core.AWXDebugResourceActions","content",,,,Success,,,,,,,,,,,,,,,,,,,,,,,,,,,,,,,,,11774,0,,,,,,,,0,0,
Sun Sep 05 22:43:19 PDT 2010,s4All,Production,Node1,7F975F20EBBBFA5D323ACC30552ABC04:10.12.105.84,molson,"@ariba.sourcing.eventui/RFXContentStepName",,ariba/sourcing/contentui/ASPEditItemDialog,,User,Success,,,,,,"http://mreddy:8150/Sourcing/Main/aw?awh=r&awssk=iZr33NcL&realm=s4All&dard=1","en-us,en;q=0.5","Mozilla/5.0 (Macintosh; U; Intel Mac OS X 10.6; en-US; rv:1.9.1.5) Gecko/20091102 Firefox/3.5.5",,,,5,23,107,9,0,8,39,1,20,,15,10,39,295,,1,1,15,0,15,2,98193,100325,456,34,4,3,0,,,420,1835,
Sun Sep 05 22:43:19 PDT 2010,,,Node1,:,,"ariba.ui.aribaweb.core.AWXDebugResourceActions","content",,,,Success,,,,,,,,,,,,,,,,,,,,,,,,,,,,,,,,,11390,0,,,,,,,,0,0,
Sun Sep 05 22:43:20 PDT 2010,,,Node1,:,,"ariba.collaborate.appui.DirectAction","awres",,,,Success,,,,,,,,,,,,,,,,,,,,,,,,,,,,,,,,,62,0,,,,,,,,0,21,
Sun Sep 05 22:43:20 PDT 2010,,,Node1,:,,"ariba.ui.aribaweb.core.AWXDebugResourceActions","content",,,,Success,,,,,,,,,,,,,,,,,,,,,,,,,,,,,,,,,95935,0,,,,,,,,0,0,
Sun Sep 05 22:43:20 PDT 2010,,,Node1,:,,"ariba.ui.aribaweb.core.AWXDebugResourceActions","content",,,,Success,,,,,,,,,,,,,,,,,,,,,,,,,,,,,,,,,8819,0,,,,,,,,0,1,
Sun Sep 05 22:43:20 PDT 2010,,,Node1,:,,"ariba.ui.aribaweb.core.AWXDebugResourceActions","content",,,,Success,,,,,,,,,,,,,,,,,,,,,,,,,,,,,,,,,5260,0,,,,,,,,0,1,
Sun Sep 05 22:43:20 PDT 2010,,,Node1,:,,"ariba.ui.aribaweb.core.AWXDebugResourceActions","content",,,,Success,,,,,,,,,,,,,,,,,,,,,,,,,,,,,,,,,4098,0,,,,,,,,0,1,
Sun Sep 05 22:43:20 PDT 2010,,,Node1,:,,"ariba.ui.aribaweb.core.AWXDebugResourceActions","content",,,,Success,,,,,,,,,,,,,,,,,,,,,,,,,,,,,,,,,17378,0,,,,,,,,0,0,
Sun Sep 05 22:43:20 PDT 2010,,,Node1,:,,"ariba.ui.aribaweb.core.AWXDebugResourceActions","content",,,,Success,,,,,,,,,,,,,,,,,,,,,,,,,,,,,,,,,5984,0,,,,,,,,0,0,
Sun Sep 05 22:43:20 PDT 2010,,,Node1,:,,"ariba.ui.aribaweb.core.AWXDebugResourceActions","content",,,,Success,,,,,,,,,,,,,,,,,,,,,,,,,,,,,,,,,1083,0,,,,,,,,0,10,
Sun Sep 05 22:43:20 PDT 2010,,,Node1,:,,"ariba.ui.aribaweb.core.AWXDebugResourceActions","content",,,,Success,,,,,,,,,,,,,,,,,,,,,,,,,,,,,,,,,6629,0,,,,,,,,0,0,
Sun Sep 05 22:43:20 PDT 2010,,,Node1,:,,"ariba.ui.aribaweb.core.AWXDebugResourceActions","content",,,,Success,,,,,,,,,,,,,,,,,,,,,,,,,,,,,,,,,67,0,,,,,,,,0,1,
Sun Sep 05 22:43:53 PDT 2010,s4All,Production,Node1,7F975F20EBBBFA5D323ACC30552ABC04:10.12.105.84,molson,"ariba/sourcing/contentui/ASPEditItemDialog",,@ariba.sourcing.eventui/RFXContentStepName,,User,Success,,,"WS2308:Doc3381","Reverse Auction",,"http://mreddy:8150/Sourcing/Main/aw?awh=r&awssk=iZr33NcL&realm=s4All&dard=1","en-us,en;q=0.5","Mozilla/5.0 (Macintosh; U; Intel Mac OS X 10.6; en-US; rv:1.9.1.5) Gecko/20091102 Firefox/3.5.5",,,,,,76,,,,,1,106,,27,63,,,,1,2,1,0,1,0,71265,73478,49,30,3,3,0,19,3,230,351,
Sun Sep 05 22:43:53 PDT 2010,,,Node1,:,,"ariba.ui.aribaweb.core.AWXDebugResourceActions","content",,,,Success,,,,,,,,,,,,,,,,,,,,,,,,,,,,,,,,,67,0,,,,,,,,10,0,
Sun Sep 05 22:43:56 PDT 2010,s4All,Production,Node1,7F975F20EBBBFA5D323ACC30552ABC04:10.12.105.84,molson,"ariba/sourcing/rfxui/wizards/ASPRFXWizard","poll",ariba/sourcing/rfxui/wizards/ASPRFXWizard,,User,Success,,,,,,"http://mreddy:8150/Sourcing/Main/aw?awh=r&awssk=iZr33NcL&realm=s4All&dard=1","en-us,en;q=0.5","Mozilla/5.0 (Macintosh; U; Intel Mac OS X 10.6; en-US; rv:1.9.1.5) Gecko/20091102 Firefox/3.5.5",,,,,,2,,,,,,,,,,,,,,,,,,,26,26,,,,,,,,0,1,
Sun Sep 05 22:44:00 PDT 2010,,,Node1,:,,"ariba.collaborate.appui.DirectAction","awres",,,,Success,,,,,,,,,,,,,,,,,,,,,,,,,,,,,,,,,218,0,,,,,,,,0,1,
Sun Sep 05 22:44:00 PDT 2010,s4All,Production,Node1,7F975F20EBBBFA5D323ACC30552ABC04:10.12.105.84,molson,"ariba/sourcing/rfxui/wizards/ASPRFXWizard",,@ariba.sourcing.eventui/RFXSummaryStepName,,User,Success,,,"WS2308:Doc3381","Reverse Auction",,"http://mreddy:8150/Sourcing/Main/aw?awh=r&awssk=iZr33NcL&realm=s4All&dard=1","en-us,en;q=0.5","Mozilla/5.0 (Macintosh; U; Intel Mac OS X 10.6; en-US; rv:1.9.1.5) Gecko/20091102 Firefox/3.5.5",,,,24,57,150,61,0,3,1915,2,46,3,23,17,82,1927,,2,3,32,1,32,1,108374,129572,763,119,25,,,55,144,900,3362,
Sun Sep 05 22:44:06 PDT 2010,s4All,Production,Node1,7F975F20EBBBFA5D323ACC30552ABC04:10.12.105.84,molson,"ariba/sourcing/rfxui/wizards/ASPRFXWizard",,@ariba.sourcing.eventui/RFXRuleStepName,,User,Success,,,"WS2308:Doc3381","Reverse Auction",,"http://mreddy:8150/Sourcing/Main/aw?awh=r&awssk=iZr33NcL&realm=s4All&dard=1","en-us,en;q=0.5","Mozilla/5.0 (Macintosh; U; Intel Mac OS X 10.6; en-US; rv:1.9.1.5) Gecko/20091102 Firefox/3.5.5",,,,9,14,75,1,0,,,2,11,,3,1,9,7,,2,3,11,0,11,1,68882,90460,,212,14,17,0,6,0,170,191,
Sun Sep 05 22:44:16 PDT 2010,s4All,Production,Node1,7F975F20EBBBFA5D323ACC30552ABC04:10.12.105.84,molson,"ariba/sourcing/rfxui/wizards/ASPRFXWizard",,@ariba.sourcing.eventui/RFXSummaryStepName,,User,Success,,,"WS2308:Doc3381","Reverse Auction",,"http://mreddy:8150/Sourcing/Main/aw?awh=r&awssk=iZr33NcL&realm=s4All&dard=1","en-us,en;q=0.5","Mozilla/5.0 (Macintosh; U; Intel Mac OS X 10.6; en-US; rv:1.9.1.5) Gecko/20091102 Firefox/3.5.5",,,,19,25,130,61,0,,,2,11,,3,2,19,12,,2,2,21,0,21,2,108481,129679,,218,10,15,1,48,20,220,250,
Sun Sep 05 22:44:20 PDT 2010,,,Node1,:,,"ariba.approvable.core.UpdateApprovalsEvent","[ariba.approvable.core.UpdateApprovalsEvent [BaseId 388976 AAAKAEDBe9w 8c4w.1k6wz]]",,,Work,Success,,,,,,,,,,,,4,103,32,10,0,1,8,1,186,28,13,156,19,744,,1,1,13,0,13,1,,,,,,,,,,,1244,
Sun Sep 05 22:44:21 PDT 2010,s4All,Production,Node1,7F975F20EBBBFA5D323ACC30552ABC04:10.12.105.84,molson,"ariba/sourcing/rfxui/wizards/ASPRFXWizard",,ariba/sourcing/rfxui/wizards/ASPRFXPublishExit,,User,Success,,,,,,"http://mreddy:8150/Sourcing/Main/aw?awh=r&awssk=iZr33NcL&realm=s4All&dard=1","en-us,en;q=0.5","Mozilla/5.0 (Macintosh; U; Intel Mac OS X 10.6; en-US; rv:1.9.1.5) Gecko/20091102 Firefox/3.5.5",,,,20,105,105,63,0,,,2,278,,44,207,20,92,,1,1,9,0,9,0,34445,36768,115,113,7,,,27,13,410,2774,
Sun Sep 05 22:44:21 PDT 2010,,,Node1,:,,"ariba.collaborate.appui.DirectAction","awres",,,,Success,,,,,,,,,,,,,,,,,,,,,,,,,,,,,,,,,73,0,,,,,,,,0,0,
Sun Sep 05 22:44:22 PDT 2010,,,Node1,:,,"ariba.sourcing.content.RFXScheduledWork","Event RFXDocument:Publish on item  of document [BaseId 387098 AAAKAJ6Bega 8aoq.1k77e] version 1",,,Work,Success,,,"WS2308:Doc3381",,,,,,,,,27,361,71,91,0,3,130,4,672,27,34,635,39,299,,7,36,46,0,46,3,,,,,,,,,,,1610,
Sun Sep 05 22:44:25 PDT 2010,,,Node1,:,,"ariba.collaborate.appui.DirectAction","awres",,,,Success,,,,,,,,,,,,,,,,,,,,,,,,,,,,,,,,,710,0,,,,,,,,0,1,
Sun Sep 05 22:44:25 PDT 2010,s4All,Production,Node1,7F975F20EBBBFA5D323ACC30552ABC04:10.12.105.84,molson,"ariba/sourcing/rfxui/wizards/ASPRFXPublishExit",,ariba/sourcing/rfxui/ASPMonitorEvent,"$[a076]Bid Console",User,Success,,,"WS2308:Doc3381","Reverse Auction",,"http://mreddy:8150/Sourcing/Main/aw?awh=r&awssk=iZr33NcL&realm=s4All&dard=1","en-us,en;q=0.5","Mozilla/5.0 (Macintosh; U; Intel Mac OS X 10.6; en-US; rv:1.9.1.5) Gecko/20091102 Firefox/3.5.5",,,,12,27,62,5,0,,,2,5,,1,1,12,18,,1,1,13,0,13,0,65502,67749,243,,,,,,,430,979,
Sun Sep 05 22:44:25 PDT 2010,,,Node1,:,,"ariba.collaborate.appui.DirectAction","awres",,,,Success,,,,,,,,,,,,,,,,,,,,,,,,,,,,,,,,,83,0,,,,,,,,0,1,
Sun Sep 05 22:44:25 PDT 2010,,,Node1,:,,"ariba.collaborate.appui.DirectAction","awres",,,,Success,,,,,,,,,,,,,,,,,,,,,,,,,,,,,,,,,82,0,,,,,,,,0,1,
Sun Sep 05 22:44:25 PDT 2010,,,Node1,:,,"ariba.ui.aribaweb.core.AWXDebugResourceActions","content",,,,Success,,,,,,,,,,,,,,,,,,,,,,,,,,,,,,,,,11770,0,,,,,,,,0,0,
Sun Sep 05 22:44:25 PDT 2010,,,Node1,:,,"ariba.ui.aribaweb.core.AWXDebugResourceActions","content",,,,Success,,,,,,,,,,,,,,,,,,,,,,,,,,,,,,,,,2724,0,,,,,,,,0,0,
Sun Sep 05 22:44:25 PDT 2010,,,Node1,:,,"ariba.ui.aribaweb.core.AWXDebugResourceActions","content",,,,Success,,,,,,,,,,,,,,,,,,,,,,,,,,,,,,,,,1017,0,,,,,,,,0,0,
Sun Sep 05 22:44:25 PDT 2010,,,Node1,:,,"ariba.collaborate.appui.DirectAction","awres",,,,Success,,,,,,,,,,,,,,,,,,,,,,,,,,,,,,,,,114,0,,,,,,,,0,1,
Sun Sep 05 22:44:25 PDT 2010,,,Node1,:,,"ariba.collaborate.appui.DirectAction","awres",,,,Success,,,,,,,,,,,,,,,,,,,,,,,,,,,,,,,,,187,0,,,,,,,,0,1,
Sun Sep 05 22:44:25 PDT 2010,,,Node1,:,,"ariba.collaborate.appui.DirectAction","awres",,,,Success,,,,,,,,,,,,,,,,,,,,,,,,,,,,,,,,,187,0,,,,,,,,0,1,
Sun Sep 05 22:44:25 PDT 2010,,,Node1,:,,"ariba.collaborate.appui.DirectAction","awres",,,,Success,,,,,,,,,,,,,,,,,,,,,,,,,,,,,,,,,73,0,,,,,,,,0,1,
Sun Sep 05 22:44:25 PDT 2010,,,Node1,:,,"ariba.collaborate.appui.DirectAction","awres",,,,Success,,,,,,,,,,,,,,,,,,,,,,,,,,,,,,,,,293,0,,,,,,,,0,1,
Sun Sep 05 22:44:28 PDT 2010,s4All,Production,Node1,7F975F20EBBBFA5D323ACC30552ABC04:10.12.105.84,molson,"ariba/sourcing/rfxui/ASPMonitorEvent","$[a076]Bid Console",ariba/sourcing/rfxui/ASPMonitorEvent,"$[a045]Team",User,Success,,,"WS2308:Doc3381","Reverse Auction",,"http://mreddy:8150/Sourcing/Main/aw?awh=r&awssk=iZr33NcL&realm=s4All&dard=1","en-us,en;q=0.5","Mozilla/5.0 (Macintosh; U; Intel Mac OS X 10.6; en-US; rv:1.9.1.5) Gecko/20091102 Firefox/3.5.5",,,,1,2,38,1,0,,,,,,,,1,1,,,,1,0,1,0,27411,53213,113,,,,,,,50,54,
Sun Sep 05 22:44:31 PDT 2010,s4All,Production,Node1,7F975F20EBBBFA5D323ACC30552ABC04:10.12.105.84,molson,"ariba/sourcing/rfxui/ASPMonitorEvent",,ariba/ui/aribaweb/core/AWUrlRedirect,,User,Success,,,,,,"http://mreddy:8150/Sourcing/Main/aw?awh=r&awssk=iZr33NcL&realm=s4All&dard=1","en-us,en;q=0.5","Mozilla/5.0 (Macintosh; U; Intel Mac OS X 10.6; en-US; rv:1.9.1.5) Gecko/20091102 Firefox/3.5.5",,,,,,5,,,,,,,,,,,,,,,,,,,571,571,,,,,,,,10,46,
Sun Sep 05 22:44:31 PDT 2010,s4All,Production,Node1,7F975F20EBBBFA5D323ACC30552ABC04:10.12.105.84,molson,"ariba.ui.sso.SSOActions","logout",ariba/ui/sso/AWSSOLogoutPage,,User,Success,,,,,,"http://mreddy:8150/Sourcing/Main/aw?awh=r&awssk=iZr33NcL&realm=s4All&dard=1","en-us,en;q=0.5","Mozilla/5.0 (Macintosh; U; Intel Mac OS X 10.6; en-US; rv:1.9.1.5) Gecko/20091102 Firefox/3.5.5",,,,,,4,,,,,2,17,1,1,14,,,,1,2,1,0,1,0,2157,2147,,,,,,,,20,87,
Sun Sep 05 22:44:31 PDT 2010,s4All,Production,Node1,7F975F20EBBBFA5D323ACC30552ABC04:10.12.105.84,molson,"ariba.ui.sso.SSOActions","clientLogout",ariba/ui/aribaweb/core/AWFormRedirect,,User,Success,,,,,,"http://mreddy:8150/Sourcing/Main/ad/logout/SSOActions?awsso_su=aHR0cDovL21yZWRkeTo4MTUwL1NvdXJjaW5nL01haW4%2FcmVhbG09czRBbGwmcGFzc3dvcmRhZGFwdGVyPVBhc3N3b3JkQWRhcHRlcjE%3D%3AwJN0eNMfrTV2jU4QueGlyaZbh4k%3D&awsso_lu=aHR0cDovL21yZWRkeTo4MTUwL1NvdXJjaW5nL01haW4vYWQvY2xpZW50TG9nb3V0L1NTT0FjdGlvbnM%3D%3AAU2EFOuVIddKVA6YdHsnWFjYRqw%3D","en-us,en;q=0.5","Mozilla/5.0 (Macintosh; U; Intel Mac OS X 10.6; en-US; rv:1.9.1.5) Gecko/20091102 Firefox/3.5.5",,,,,,2,,,,,,,,,,,,,,,,,,,620,612,,,,,,,,0,1,
Sun Sep 05 22:44:31 PDT 2010,,,Node1,:,,"ariba.ui.sso.SSOActions","logoutAck",ariba/ui/sso/AWMulticastAckPage,,User,Success,,,,,,,,,,,,,,,,,,,,,,,,,,,,,,,,,79,79,,,,,,,,0,1,
Sun Sep 05 22:44:31 PDT 2010,System,Production,Node1,3EA60C8603645F92A6A2E8252ADDDF25:10.12.105.84,,"ariba.collaborate.appui.DirectAction","default",ariba/ui/aribaweb/core/AWRedirect,,User,Success,,,,,,"http://mreddy:8150/Sourcing/Main/ad/logout/SSOActions?awsso_su=aHR0cDovL21yZWRkeTo4MTUwL1NvdXJjaW5nL01haW4%2FcmVhbG09czRBbGwmcGFzc3dvcmRhZGFwdGVyPVBhc3N3b3JkQWRhcHRlcjE%3D%3AwJN0eNMfrTV2jU4QueGlyaZbh4k%3D&awsso_lu=aHR0cDovL21yZWRkeTo4MTUwL1NvdXJjaW5nL01haW4vYWQvY2xpZW50TG9nb3V0L1NTT0FjdGlvbnM%3D%3AAU2EFOuVIddKVA6YdHsnWFjYRqw%3D","en-us,en;q=0.5","Mozilla/5.0 (Macintosh; U; Intel Mac OS X 10.6; en-US; rv:1.9.1.5) Gecko/20091102 Firefox/3.5.5",,,,,,6,,,,,,,6,,,,,,,,,,,,1519,1519,,,,,,,,10,37,
Sun Sep 05 22:44:32 PDT 2010,System,Production,Node1,3EA60C8603645F92A6A2E8252ADDDF25:10.12.105.84,,"ariba.ui.sso.SSOActions","loginPage",ariba/ui/sso/SSOMain,,User,Success,,,,,,"http://mreddy:8150/Sourcing/Main/ad/logout/SSOActions?awsso_su=aHR0cDovL21yZWRkeTo4MTUwL1NvdXJjaW5nL01haW4%2FcmVhbG09czRBbGwmcGFzc3dvcmRhZGFwdGVyPVBhc3N3b3JkQWRhcHRlcjE%3D%3AwJN0eNMfrTV2jU4QueGlyaZbh4k%3D&awsso_lu=aHR0cDovL21yZWRkeTo4MTUwL1NvdXJjaW5nL01haW4vYWQvY2xpZW50TG9nb3V0L1NTT0FjdGlvbnM%3D%3AAU2EFOuVIddKVA6YdHsnWFjYRqw%3D","en-us,en;q=0.5","Mozilla/5.0 (Macintosh; U; Intel Mac OS X 10.6; en-US; rv:1.9.1.5) Gecko/20091102 Firefox/3.5.5",,,,,,6,,,,,,,,,,,,,,,,,,,19156,18787,,,,,,,,20,117,
Sun Sep 05 22:44:32 PDT 2010,,,Node1,:,,"ariba.ui.aribaweb.core.AWXDebugResourceActions","content",,,,Success,,,,,,,,,,,,,,,,,,,,,,,,,,,,,,,,,1824,0,,,,,,,,0,0,
Sun Sep 05 22:44:32 PDT 2010,,,Node1,:,,"ariba.ui.aribaweb.core.AWXDebugResourceActions","content",,,,Success,,,,,,,,,,,,,,,,,,,,,,,,,,,,,,,,,33989,0,,,,,,,,0,1,
Sun Sep 05 22:44:32 PDT 2010,,,Node1,:,,"ariba.ui.aribaweb.core.AWXDebugResourceActions","content",,,,Success,,,,,,,,,,,,,,,,,,,,,,,,,,,,,,,,,93299,0,,,,,,,,0,0,
Sun Sep 05 22:44:32 PDT 2010,,,Node1,:,,"ariba.ui.aribaweb.core.AWXDebugResourceActions","content",,,,Success,,,,,,,,,,,,,,,,,,,,,,,,,,,,,,,,,94130,0,,,,,,,,0,0,
Sun Sep 05 22:44:42 PDT 2010,System,Production,Node1,FA7F94EA05DEB8680325144C2E324941:10.12.105.84,,"ariba.collaborate.appui.DirectAction","default",ariba/ui/aribaweb/core/AWRedirect,,User,Success,,,,,,,"en-us,en;q=0.5","Mozilla/5.0 (Macintosh; U; Intel Mac OS X 10.6; en-US; rv:1.9.1.5) Gecko/20091102 Firefox/3.5.5",,,,,,6,,,,,,,6,,,,,,,,,,,,1539,1539,,,,,,,,10,37,
Sun Sep 05 22:44:43 PDT 2010,System,Production,Node1,FA7F94EA05DEB8680325144C2E324941:10.12.105.84,,"ariba.ui.sso.SSOActions","loginPage",ariba/ui/sso/SSOMain,,User,Success,,,,,,,"en-us,en;q=0.5","Mozilla/5.0 (Macintosh; U; Intel Mac OS X 10.6; en-US; rv:1.9.1.5) Gecko/20091102 Firefox/3.5.5",,,,,,6,,,,,,,,,,,,,,,,,,,19311,18942,,,,,,,,10,122,
Sun Sep 05 22:44:43 PDT 2010,,,Node1,:,,"ariba.ui.aribaweb.core.AWXDebugResourceActions","content",,,,Success,,,,,,,,,,,,,,,,,,,,,,,,,,,,,,,,,1824,0,,,,,,,,0,1,
Sun Sep 05 22:44:43 PDT 2010,,,Node1,:,,"ariba.ui.aribaweb.core.AWXDebugResourceActions","content",,,,Success,,,,,,,,,,,,,,,,,,,,,,,,,,,,,,,,,33989,0,,,,,,,,0,1,
Sun Sep 05 22:44:43 PDT 2010,,,Node1,:,,"ariba.ui.aribaweb.core.AWXDebugResourceActions","content",,,,Success,,,,,,,,,,,,,,,,,,,,,,,,,,,,,,,,,93299,0,,,,,,,,0,1,
Sun Sep 05 22:44:43 PDT 2010,,,Node1,:,,"ariba.ui.aribaweb.core.AWXDebugResourceActions","content",,,,Success,,,,,,,,,,,,,,,,,,,,,,,,,,,,,,,,,94130,0,,,,,,,,0,0,
Sun Sep 05 22:44:48 PDT 2010,s4All,Production,Node1,FA7F94EA05DEB8680325144C2E324941:10.12.105.84,tbrown,"ariba.ui.sso.SSOActions","login",ariba/ui/aribaweb/core/AWRedirect,,User,Success,,,,,,"http://mreddy:8150/Sourcing/Main/ad/loginPage/SSOActions?awsso_cc=cGFzc3dvcmRhZGFwdGVyOlUyOTFjbU5wYm1kVGRYQndiR2xsY2xWelpYST07cmVhbG06Y3pSQmJHdz07YXdzc29fcnU6YUhSMGNEb3ZMMjF5WldSa2VUbzRNVFV3TDFOdmRYSmphVzVuTDAxaGFXNC9jbVZoYkcwOWN6UkJiR3dtY0dGemMzZHZjbVJoWkdGd2RHVnlQVk52ZFhKamFXNW5VM1Z3Y0d4cFpYSlZjMlZ5O2F3c3NvX2x1OmFIUjBjRG92TDIxeVpXUmtlVG80TVRVd0wxTnZkWEpqYVc1bkwwMWhhVzR2WVdRdlkyeHBaVzUwVEc5bmIzVjBMMU5UVDBGamRHbHZibk09O2F3c3NvX2FwOlFVTk47YXdzc29fYXJpZDpNVEk0TXpjMU1UZzRNamMxTlE9PTthd3Nzb19rdTphSFIwY0RvdkwyMXlaV1JrZVRvNE1UVXdMMU52ZFhKamFXNW5MMDFoYVc0dllXUXZZMnhwWlc1MFMyVmxjRUZzYVhabEwxTlRUMEZqZEdsdmJuTT07YXdzc29fZmw6TVE9PQ%3D%3D%3A6nweIMO00ejo50mEftMWEfHIaAU%3D&awsso_ap=ACM&awsso_hpk=true&passwordadapter=SourcingSupplierUser&realm=s4All&awsr=true","en-us,en;q=0.5","Mozilla/5.0 (Macintosh; U; Intel Mac OS X 10.6; en-US; rv:1.9.1.5) Gecko/20091102 Firefox/3.5.5",,,,2,8,20,1,0,,,6,19,4,4,9,15,20,,4,4,19,0,19,1,283,283,,,,,,,,60,131,
Sun Sep 05 22:44:48 PDT 2010,s4All,Production,Node1,FA7F94EA05DEB8680325144C2E324941:10.12.105.84,tbrown,"ariba.ui.sso.SSOActions","loginRedirect",,,,Success,,,,,,"http://mreddy:8150/Sourcing/Main/ad/loginPage/SSOActions?awsso_cc=cGFzc3dvcmRhZGFwdGVyOlUyOTFjbU5wYm1kVGRYQndiR2xsY2xWelpYST07cmVhbG06Y3pSQmJHdz07YXdzc29fcnU6YUhSMGNEb3ZMMjF5WldSa2VUbzRNVFV3TDFOdmRYSmphVzVuTDAxaGFXNC9jbVZoYkcwOWN6UkJiR3dtY0dGemMzZHZjbVJoWkdGd2RHVnlQVk52ZFhKamFXNW5VM1Z3Y0d4cFpYSlZjMlZ5O2F3c3NvX2x1OmFIUjBjRG92TDIxeVpXUmtlVG80TVRVd0wxTnZkWEpqYVc1bkwwMWhhVzR2WVdRdlkyeHBaVzUwVEc5bmIzVjBMMU5UVDBGamRHbHZibk09O2F3c3NvX2FwOlFVTk47YXdzc29fYXJpZDpNVEk0TXpjMU1UZzRNamMxTlE9PTthd3Nzb19rdTphSFIwY0RvdkwyMXlaV1JrZVRvNE1UVXdMMU52ZFhKamFXNW5MMDFoYVc0dllXUXZZMnhwWlc1MFMyVmxjRUZzYVhabEwxTlRUMEZqZEdsdmJuTT07YXdzc29fZmw6TVE9PQ%3D%3D%3A6nweIMO00ejo50mEftMWEfHIaAU%3D&awsso_ap=ACM&awsso_hpk=true&passwordadapter=SourcingSupplierUser&realm=s4All&awsr=true","en-us,en;q=0.5","Mozilla/5.0 (Macintosh; U; Intel Mac OS X 10.6; en-US; rv:1.9.1.5) Gecko/20091102 Firefox/3.5.5",,,,,,2,,,,,,,,,,,,,,,,,,,2559,2479,,,,,,,,0,2,
Sun Sep 05 22:44:48 PDT 2010,s4All,Production,Node1,:,,"ariba.collaborate.appui.DirectAction","default",ariba/ui/aribaweb/core/AWRedirect,,User,Success,,,,,,,,,,,,2,4,16,1,0,,,4,74,4,2,5,13,15,,2,5,15,0,15,1,219,219,,,,,,,,100,209,
Sun Sep 05 22:44:48 PDT 2010,,,Node1,:,,"ariba.ui.aribaweb.core.AWXDebugResourceActions","content",,,,Success,,,,,,,,,,,,,,,,,,,,,,,,,,,,,,,,,33989,0,,,,,,,,0,1,
Sun Sep 05 22:44:48 PDT 2010,,,Node1,:,,"ariba.ui.aribaweb.core.AWXDebugResourceActions","content",,,,Success,,,,,,,,,,,,,,,,,,,,,,,,,,,,,,,,,1824,0,,,,,,,,0,0,
Sun Sep 05 22:44:48 PDT 2010,s4All,Production,Node1,EA945016F33911CB41247372DAF27DD3:10.12.105.84,tbrown,"ariba/asm/appui/ASPSiteAgreement","refresh",ariba/asm/appui/ASPSiteAgreement,,User,Success,,,,,,"http://mreddy:8150/Sourcing/Main/ad/loginRedirect/SSOActions?awr=2&passwordadapter=SourcingSupplierUser&u=lQ9746DU&realm=s4All","en-us,en;q=0.5","Mozilla/5.0 (Macintosh; U; Intel Mac OS X 10.6; en-US; rv:1.9.1.5) Gecko/20091102 Firefox/3.5.5",,,,2,5,11,10,0,,,,,,,,2,5,,,,2,0,2,0,73110,73025,5,,,,,,,20,89,
Sun Sep 05 22:44:48 PDT 2010,,,Node1,:,,"ariba.ui.aribaweb.core.AWXDebugResourceActions","content",,,,Success,,,,,,,,,,,,,,,,,,,,,,,,,,,,,,,,,94130,0,,,,,,,,0,0,
Sun Sep 05 22:44:48 PDT 2010,,,Node1,:,,"ariba.ui.aribaweb.core.AWXDebugResourceActions","content",,,,Success,,,,,,,,,,,,,,,,,,,,,,,,,,,,,,,,,93299,0,,,,,,,,0,0,
Sun Sep 05 22:44:48 PDT 2010,,,Node1,:,,"ariba.collaborate.appui.DirectAction","awres",,,,Success,,,,,,,,,,,,,,,,,,,,,,,,,,,,,,,,,185,0,,,,,,,,0,1,
Sun Sep 05 22:44:48 PDT 2010,,,Node1,:,,"ariba.ui.aribaweb.core.AWXDebugResourceActions","content",,,,Success,,,,,,,,,,,,,,,,,,,,,,,,,,,,,,,,,9093,0,,,,,,,,0,1,
Sun Sep 05 22:44:50 PDT 2010,,,Node1,:,,"CoreServer-None","UpdateFreeTextAttrsBlobIndexRepeatedTask",,,Task,Success,,,,,,,,,,,,1,13,1,1,0,,,3,9,3,2,2,31,45,,2,3,33,0,33,2,,,,,,,,,,,290102,
Sun Sep 05 22:44:55 PDT 2010,s4All,Production,Node1,EA945016F33911CB41247372DAF27DD3:10.12.105.84,tbrown,"ariba/asm/appui/ASPSiteAgreement",,ariba/ui/aribaweb/core/AWFormRedirect,,User,Success,,,,,,"http://mreddy:8150/Sourcing/Main/aw?awh=r&awssk=zZuT_Thx&realm=s4All&passwordadapter=SourcingSupplierUser&dard=1","en-us,en;q=0.5","Mozilla/5.0 (Macintosh; U; Intel Mac OS X 10.6; en-US; rv:1.9.1.5) Gecko/20091102 Firefox/3.5.5",,,,,,4,,,,,2,39,,2,7,,,,2,22,2,0,2,0,2600,2513,,,,,,,,40,66,
Sun Sep 05 22:44:55 PDT 2010,s4All,Production,Node1,EA945016F33911CB41247372DAF27DD3:10.12.105.84,tbrown,"ariba.collaborate.appui.DirectAction","default",ariba/ui/aribaweb/core/AWRedirect,,User,Success,,,,,,"http://mreddy:8150/Sourcing/Main/aw?awh=r&awssk=zZuT_Thx&realm=s4All&passwordadapter=SourcingSupplierUser&dard=1","en-us,en;q=0.5","Mozilla/5.0 (Macintosh; U; Intel Mac OS X 10.6; en-US; rv:1.9.1.5) Gecko/20091102 Firefox/3.5.5",,,,5,125,9,1,0,6,154,,,6,,,17,235,,,,11,0,11,1,219,219,,,,,,,,90,332,
Sun Sep 05 22:44:56 PDT 2010,s4All,Production,Node1,EA945016F33911CB41247372DAF27DD3:10.12.105.84,tbrown,"ariba/sourcing/rfxui/ASPSupplierHomePage","refresh",ariba/sourcing/rfxui/ASPSupplierHomePage,,User,Success,,,,,,"http://mreddy:8150/Sourcing/Main/aw?awh=r&awssk=zZuT_Thx&realm=s4All&passwordadapter=SourcingSupplierUser&dard=1","en-us,en;q=0.5","Mozilla/5.0 (Macintosh; U; Intel Mac OS X 10.6; en-US; rv:1.9.1.5) Gecko/20091102 Firefox/3.5.5",,,,4,203,25,3,0,3,16,,,1,,,13,197,,,,7,0,7,0,29359,29243,147,,,,,,,180,536,
Sun Sep 05 22:44:57 PDT 2010,s4All,Production,Node1,EA945016F33911CB41247372DAF27DD3:10.12.105.84,tbrown,"ariba.collaborate.appui.DirectAction","viewItem",ariba/ui/aribaweb/core/AWRedirect,,User,Success,,,,,,"http://mreddy:8150/Sourcing/Main/aw?awh=r&awssk=zZuT_Thx&realm=s4All&passwordadapter=SourcingSupplierUser&dard=1","en-us,en;q=0.5","Mozilla/5.0 (Macintosh; U; Intel Mac OS X 10.6; en-US; rv:1.9.1.5) Gecko/20091102 Firefox/3.5.5",,,,18,137,65,14,0,1,6,3,108,12,2,85,24,63,,2,20,22,0,22,3,219,219,,,,,,,,190,509,
Sun Sep 05 22:44:57 PDT 2010,,,Node1,:,,"ariba.ui.aribaweb.core.AWXDebugResourceActions","content",,,,Success,,,,,,,,,,,,,,,,,,,,,,,,,,,,,,,,,33989,0,,,,,,,,0,0,
Sun Sep 05 22:44:57 PDT 2010,,,Node1,:,,"ariba.ui.aribaweb.core.AWXDebugResourceActions","content",,,,Success,,,,,,,,,,,,,,,,,,,,,,,,,,,,,,,,,1824,0,,,,,,,,0,0,
Sun Sep 05 22:44:57 PDT 2010,s4All,Production,Node1,EA945016F33911CB41247372DAF27DD3:10.12.105.84,tbrown,"ariba/sourcing/rfxui/ASPSupplierRFXOverview","refresh",ariba/sourcing/rfxui/ASPSupplierRFXOverview,,User,Success,,,"WS2308:Doc3381",,,"http://mreddy:8150/Sourcing/Main/aw?awh=r&awssk=zZuT_Thx&realm=s4All&passwordadapter=SourcingSupplierUser&dard=1","en-us,en;q=0.5","Mozilla/5.0 (Macintosh; U; Intel Mac OS X 10.6; en-US; rv:1.9.1.5) Gecko/20091102 Firefox/3.5.5",,,,5,15,49,0,0,,,,,5,,,5,11,,,,5,0,5,0,62165,61748,338,25,3,,,,,230,300,
Sun Sep 05 22:44:57 PDT 2010,,,Node1,:,,"ariba.ui.aribaweb.core.AWXDebugResourceActions","content",,,,Success,,,,,,,,,,,,,,,,,,,,,,,,,,,,,,,,,94130,0,,,,,,,,0,0,
Sun Sep 05 22:44:57 PDT 2010,,,Node1,:,,"ariba.ui.aribaweb.core.AWXDebugResourceActions","content",,,,Success,,,,,,,,,,,,,,,,,,,,,,,,,,,,,,,,,93299,0,,,,,,,,0,0,
Sun Sep 05 22:44:57 PDT 2010,,,Node1,:,,"ariba.collaborate.appui.DirectAction","awres",,,,Success,,,,,,,,,,,,,,,,,,,,,,,,,,,,,,,,,64,0,,,,,,,,0,0,
Sun Sep 05 22:44:57 PDT 2010,,,Node1,:,,"ariba.collaborate.appui.DirectAction","awres",,,,Success,,,,,,,,,,,,,,,,,,,,,,,,,,,,,,,,,112,0,,,,,,,,0,0,
Sun Sep 05 22:44:57 PDT 2010,,,Node1,:,,"ariba.collaborate.appui.DirectAction","awres",,,,Success,,,,,,,,,,,,,,,,,,,,,,,,,,,,,,,,,52,0,,,,,,,,0,0,
Sun Sep 05 22:44:58 PDT 2010,,,Node1,:,,"ariba.ui.aribaweb.core.AWXDebugResourceActions","content",,,,Success,,,,,,,,,,,,,,,,,,,,,,,,,,,,,,,,,2724,0,,,,,,,,0,0,
Sun Sep 05 22:44:58 PDT 2010,,,Node1,:,,"ariba.ui.aribaweb.core.AWXDebugResourceActions","content",,,,Success,,,,,,,,,,,,,,,,,,,,,,,,,,,,,,,,,4661,0,,,,,,,,0,0,
Sun Sep 05 22:44:58 PDT 2010,,,Node1,:,,"ariba.ui.aribaweb.core.AWXDebugResourceActions","content",,,,Success,,,,,,,,,,,,,,,,,,,,,,,,,,,,,,,,,9093,0,,,,,,,,0,0,
Sun Sep 05 22:44:59 PDT 2010,s4All,Production,Node1,EA945016F33911CB41247372DAF27DD3:10.12.105.84,tbrown,"ariba/sourcing/rfxui/ASPSupplierRFXOverview",,ariba/sourcing/rfxui/ASPSupplierRFXOverview,,User,Success,,,"WS2308:Doc3381",,,"http://mreddy:8150/Sourcing/Main/aw?awh=r&awssk=zZuT_Thx&realm=s4All&passwordadapter=SourcingSupplierUser&dard=1","en-us,en;q=0.5","Mozilla/5.0 (Macintosh; U; Intel Mac OS X 10.6; en-US; rv:1.9.1.5) Gecko/20091102 Firefox/3.5.5",,,,5,17,48,0,0,,,,,,,,5,10,,,,5,0,5,0,3461,61837,,50,3,,,,,80,97,
Sun Sep 05 22:45:00 PDT 2010,,,Node1,:,,"CoreServer-prealm_1","CDSDRResyncTask",,,Task,Success,,,,,,,,,,,,2,62,2,1,0,,,3,114,4,2,2,2,29,,2,108,5,0,5,0,,,,,,,,,,,185,
Sun Sep 05 22:45:00 PDT 2010,,,Node1,:,,"CoreServer-prealm_1","PostUpgradeTask",,,Task,Success,,,,,,,,,,,,1,6,1,1,0,,,3,186,3,2,54,1,4,,2,127,3,0,3,0,,,,,,,,,,,190,
Sun Sep 05 22:45:00 PDT 2010,,,Node1,:,,"CoreServer-None","UpdateFreeTextFileBlobIndexTask",,,Task,Success,,,,,,,,,,,,1,101,1,1,0,,,3,90,3,2,5,2,102,,2,81,4,0,4,0,,,,,,,,,,,94,
Sun Sep 05 22:45:00 PDT 2010,,,Node1,:,,"CoreServer-None","UpdateFreeTextNotesBlobIndexTask",,,Task,Success,,,,,,,,,,,,1,4,1,1,0,,,3,189,3,2,56,2,4,,2,129,4,0,4,1,,,,,,,,,,,195,
Sun Sep 05 22:45:00 PDT 2010,,,Node1,:,,"ariba.sourcing.content.RFXScheduledWork","Event RFXDocument:MoveToOpen on item  of document [BaseId 387098 AAAKAJ6Bega 8aoq.1k77e] version 1",,,Work,Success,,,"WS2308:Doc3381",,,,,,,,,7,31,22,5,0,3,44,2,97,2,12,72,19,224,,3,38,14,0,14,3,,,,,,,,,,,493,
Sun Sep 05 22:45:00 PDT 2010,s4All,Production,Node1,EA945016F33911CB41247372DAF27DD3:10.12.105.84,tbrown,"ariba/sourcing/rfxui/ASPSupplierRFXOverview",,ariba/sourcing/rfxui/ASPSupplierRFXOverview,,User,Success,,,"WS2308:Doc3381",,,"http://mreddy:8150/Sourcing/Main/aw?awh=r&awssk=zZuT_Thx&realm=s4All&passwordadapter=SourcingSupplierUser&dard=1","en-us,en;q=0.5","Mozilla/5.0 (Macintosh; U; Intel Mac OS X 10.6; en-US; rv:1.9.1.5) Gecko/20091102 Firefox/3.5.5",,,,5,75,48,0,0,,,,,,,,5,34,,,,5,0,5,0,2065,61837,,50,4,,,,,70,233,
Sun Sep 05 22:45:06 PDT 2010,s4All,Production,Node1,EA945016F33911CB41247372DAF27DD3:10.12.105.84,tbrown,"ariba/sourcing/rfxui/ASPSupplierRFXOverview",,ariba/sourcing/rfxui/ASPSupplierAgreement,,User,Success,,,"WS2308:Doc3381",,,"http://mreddy:8150/Sourcing/Main/aw?awh=r&awssk=zZuT_Thx&realm=s4All&passwordadapter=SourcingSupplierUser&dard=1","en-us,en;q=0.5","Mozilla/5.0 (Macintosh; U; Intel Mac OS X 10.6; en-US; rv:1.9.1.5) Gecko/20091102 Firefox/3.5.5",,,,4,10,18,1,0,,,,,,,,4,4,,,,4,0,4,1,28130,30453,15,25,1,,,,,60,81,
Sun Sep 05 22:45:11 PDT 2010,s4All,Production,Node1,EA945016F33911CB41247372DAF27DD3:10.12.105.84,tbrown,"ariba/sourcing/rfxui/ASPSupplierAgreement",,ariba/sourcing/rfxui/ASPSupplierAgreement,,User,Success,,,"WS2308:Doc3381",,,"http://mreddy:8150/Sourcing/Main/aw?awh=r&awssk=zZuT_Thx&realm=s4All&passwordadapter=SourcingSupplierUser&dard=1","en-us,en;q=0.5","Mozilla/5.0 (Macintosh; U; Intel Mac OS X 10.6; en-US; rv:1.9.1.5) Gecko/20091102 Firefox/3.5.5",,,,1,96,16,0,0,,,,,,,,1,58,,,,1,0,1,0,25309,32602,6,,,,,,,30,164,
Sun Sep 05 22:45:11 PDT 2010,,,Node1,:,,"ariba.collaborate.appui.DirectAction","awres",,,,Success,,,,,,,,,,,,,,,,,,,,,,,,,,,,,,,,,73,0,,,,,,,,0,0,
Sun Sep 05 22:45:13 PDT 2010,,,Node1,:,,"ariba.sourcing.content.RFXScheduledWork","Event RFXDocument:RFXAcceptSupplierAgreement on item  of document [BaseId 387098 AAAKAJ6Bega 8aoq.1k77e] version 1",,,Work,Success,,,"WS2308:Doc3381",,,,,,,,,8,37,66,19,0,,,2,85,3,5,22,8,24,,1,82,9,0,9,0,,,,,,,,,,,171,
Sun Sep 05 22:45:18 PDT 2010,s4All,Production,Node1,EA945016F33911CB41247372DAF27DD3:10.12.105.84,tbrown,"ariba/sourcing/rfxui/ASPSupplierAgreement",,ariba/sourcing/rfxui/ASPIntendToBid,"$[a028]Select Lots",User,Success,,,"WS2308:Doc3381",,,"http://mreddy:8150/Sourcing/Main/aw?awh=r&awssk=zZuT_Thx&realm=s4All&passwordadapter=SourcingSupplierUser&dard=1","en-us,en;q=0.5","Mozilla/5.0 (Macintosh; U; Intel Mac OS X 10.6; en-US; rv:1.9.1.5) Gecko/20091102 Firefox/3.5.5",,,,8,148,37,3,0,1,14,3,25,1,2,20,14,149,,1,2,12,0,12,0,36515,38792,87,,,,,,,120,5363,
Sun Sep 05 22:45:23 PDT 2010,,,Node1,:,,"ariba.sourcing.content.RFXScheduledWork","Event RFXDocument:IntendToBid on item  of document [BaseId 387098 AAAKAJ6Bega 8aoq.1k77e] version 1",,,Work,Success,,,"WS2308:Doc3381",,,,,,,,,6,16,26,4,0,,,2,112,2,9,93,6,10,,1,82,5,0,5,0,,,,,,,,,,,308,
Sun Sep 05 22:45:26 PDT 2010,s4All,Production,Node1,EA945016F33911CB41247372DAF27DD3:10.12.105.84,tbrown,"ariba/sourcing/rfxui/ASPIntendToBid","$[a028]Select Lots",ariba/sourcing/rfxui/ASPComposeResponse,,User,Success,,,"WS2308:Doc3381",,,"http://mreddy:8150/Sourcing/Main/aw?awh=r&awssk=zZuT_Thx&realm=s4All&passwordadapter=SourcingSupplierUser&dard=1","en-us,en;q=0.5","Mozilla/5.0 (Macintosh; U; Intel Mac OS X 10.6; en-US; rv:1.9.1.5) Gecko/20091102 Firefox/3.5.5",,,,15,439,63,12,0,1,3,2,142,3,5,136,21,262,,1,4,18,1,18,2,62699,64926,298,,,,,,,270,3963,
Sun Sep 05 22:45:26 PDT 2010,,,Node1,:,,"ariba.ui.aribaweb.core.AWXDebugResourceActions","content",,,,Success,,,,,,,,,,,,,,,,,,,,,,,,,,,,,,,,,11770,0,,,,,,,,0,0,
Sun Sep 05 22:45:26 PDT 2010,,,Node1,:,,"ariba.ui.aribaweb.core.AWXDebugResourceActions","content",,,,Success,,,,,,,,,,,,,,,,,,,,,,,,,,,,,,,,,1017,0,,,,,,,,0,0,
Sun Sep 05 22:45:31 PDT 2010,s4All,Production,Node1,EA945016F33911CB41247372DAF27DD3:10.12.105.84,tbrown,"ariba/sourcing/rfxui/ASPComposeResponse",,ariba/ui/aribaweb/core/AWUrlRedirect,,User,Success,,,,,,"http://mreddy:8150/Sourcing/Main/aw?awh=r&awssk=zZuT_Thx&realm=s4All&passwordadapter=SourcingSupplierUser&dard=1","en-us,en;q=0.5","Mozilla/5.0 (Macintosh; U; Intel Mac OS X 10.6; en-US; rv:1.9.1.5) Gecko/20091102 Firefox/3.5.5",,,,1,3,13,1,0,1,5,1,22,1,2,5,7,45,,1,15,4,0,4,1,573,573,,,,,,,,20,93,
Sun Sep 05 22:45:31 PDT 2010,s4All,Production,Node1,EA945016F33911CB41247372DAF27DD3:10.12.105.84,tbrown,"ariba.ui.sso.SSOActions","logout",ariba/ui/sso/AWSSOLogoutPage,,User,Success,,,,,,"http://mreddy:8150/Sourcing/Main/aw?awh=r&awssk=zZuT_Thx&realm=s4All&passwordadapter=SourcingSupplierUser&dard=1","en-us,en;q=0.5","Mozilla/5.0 (Macintosh; U; Intel Mac OS X 10.6; en-US; rv:1.9.1.5) Gecko/20091102 Firefox/3.5.5",,,,,,4,,,,,2,46,1,1,22,,,,1,22,1,0,1,0,2161,2151,,,,,,,,20,63,
Sun Sep 05 22:45:31 PDT 2010,s4All,Production,Node1,EA945016F33911CB41247372DAF27DD3:10.12.105.84,tbrown,"ariba.ui.sso.SSOActions","clientLogout",ariba/ui/aribaweb/core/AWFormRedirect,,User,Success,,,,,,"http://mreddy:8150/Sourcing/Main/ad/logout/SSOActions?awsso_su=aHR0cDovL21yZWRkeTo4MTUwL1NvdXJjaW5nL01haW4%2FcmVhbG09czRBbGwmcGFzc3dvcmRhZGFwdGVyPVNvdXJjaW5nU3VwcGxpZXJVc2Vy%3AKzu4NXMS2EyPVuaxp4t6mG2coiU%3D&awsso_lu=aHR0cDovL21yZWRkeTo4MTUwL1NvdXJjaW5nL01haW4vYWQvY2xpZW50TG9nb3V0L1NTT0FjdGlvbnM%3D%3AAU2EFOuVIddKVA6YdHsnWFjYRqw%3D","en-us,en;q=0.5","Mozilla/5.0 (Macintosh; U; Intel Mac OS X 10.6; en-US; rv:1.9.1.5) Gecko/20091102 Firefox/3.5.5",,,,,,2,,,,,,,,,,,,,,,,,,,620,612,,,,,,,,0,1,
Sun Sep 05 22:45:31 PDT 2010,,,Node1,:,,"ariba.ui.sso.SSOActions","logoutAck",ariba/ui/sso/AWMulticastAckPage,,User,Success,,,,,,,,,,,,,,,,,,,,,,,,,,,,,,,,,79,79,,,,,,,,0,0,
Sun Sep 05 22:45:31 PDT 2010,System,Production,Node1,9041A9DE83F2BC41CFCFC0F579C08E83:10.12.105.84,,"ariba.collaborate.appui.DirectAction","default",ariba/ui/aribaweb/core/AWRedirect,,User,Success,,,,,,"http://mreddy:8150/Sourcing/Main/ad/logout/SSOActions?awsso_su=aHR0cDovL21yZWRkeTo4MTUwL1NvdXJjaW5nL01haW4%2FcmVhbG09czRBbGwmcGFzc3dvcmRhZGFwdGVyPVNvdXJjaW5nU3VwcGxpZXJVc2Vy%3AKzu4NXMS2EyPVuaxp4t6mG2coiU%3D&awsso_lu=aHR0cDovL21yZWRkeTo4MTUwL1NvdXJjaW5nL01haW4vYWQvY2xpZW50TG9nb3V0L1NTT0FjdGlvbnM%3D%3AAU2EFOuVIddKVA6YdHsnWFjYRqw%3D","en-us,en;q=0.5","Mozilla/5.0 (Macintosh; U; Intel Mac OS X 10.6; en-US; rv:1.9.1.5) Gecko/20091102 Firefox/3.5.5",,,,,,6,,,,,,,6,,,,,,,,,,,,1539,1539,,,,,,,,0,31,
Sun Sep 05 22:45:31 PDT 2010,System,Production,Node1,9041A9DE83F2BC41CFCFC0F579C08E83:10.12.105.84,,"ariba.ui.sso.SSOActions","loginPage",ariba/ui/sso/SSOMain,,User,Success,,,,,,"http://mreddy:8150/Sourcing/Main/ad/logout/SSOActions?awsso_su=aHR0cDovL21yZWRkeTo4MTUwL1NvdXJjaW5nL01haW4%2FcmVhbG09czRBbGwmcGFzc3dvcmRhZGFwdGVyPVNvdXJjaW5nU3VwcGxpZXJVc2Vy%3AKzu4NXMS2EyPVuaxp4t6mG2coiU%3D&awsso_lu=aHR0cDovL21yZWRkeTo4MTUwL1NvdXJjaW5nL01haW4vYWQvY2xpZW50TG9nb3V0L1NTT0FjdGlvbnM%3D%3AAU2EFOuVIddKVA6YdHsnWFjYRqw%3D","en-us,en;q=0.5","Mozilla/5.0 (Macintosh; U; Intel Mac OS X 10.6; en-US; rv:1.9.1.5) Gecko/20091102 Firefox/3.5.5",,,,,,6,,,,,,,,,,,,,,,,,,,19311,18942,,,,,,,,10,98,
Sun Sep 05 22:45:31 PDT 2010,,,Node1,:,,"ariba.ui.aribaweb.core.AWXDebugResourceActions","content",,,,Success,,,,,,,,,,,,,,,,,,,,,,,,,,,,,,,,,33989,0,,,,,,,,0,0,
Sun Sep 05 22:45:31 PDT 2010,,,Node1,:,,"ariba.ui.aribaweb.core.AWXDebugResourceActions","content",,,,Success,,,,,,,,,,,,,,,,,,,,,,,,,,,,,,,,,1824,0,,,,,,,,0,1,
Sun Sep 05 22:45:31 PDT 2010,,,Node1,:,,"ariba.ui.aribaweb.core.AWXDebugResourceActions","content",,,,Success,,,,,,,,,,,,,,,,,,,,,,,,,,,,,,,,,93299,0,,,,,,,,0,0,
Sun Sep 05 22:45:32 PDT 2010,,,Node1,:,,"ariba.ui.aribaweb.core.AWXDebugResourceActions","content",,,,Success,,,,,,,,,,,,,,,,,,,,,,,,,,,,,,,,,94130,0,,,,,,,,0,1,
Sun Sep 05 22:45:40 PDT 2010,s4All,Production,Node1,9041A9DE83F2BC41CFCFC0F579C08E83:10.12.105.84,,"ariba.ui.sso.SSOActions","login",ariba/ui/sso/SSOMain,,User,Success,,,,,,"http://mreddy:8150/Sourcing/Main/ad/loginPage/SSOActions?awsso_cc=cGFzc3dvcmRhZGFwdGVyOlUyOTFjbU5wYm1kVGRYQndiR2xsY2xWelpYST07cmVhbG06Y3pSQmJHdz07YXdzc29fcnU6YUhSMGNEb3ZMMjF5WldSa2VUbzRNVFV3TDFOdmRYSmphVzVuTDAxaGFXNC9jbVZoYkcwOWN6UkJiR3dtY0dGemMzZHZjbVJoWkdGd2RHVnlQVk52ZFhKamFXNW5VM1Z3Y0d4cFpYSlZjMlZ5O2F3c3NvX2x1OmFIUjBjRG92TDIxeVpXUmtlVG80TVRVd0wxTnZkWEpqYVc1bkwwMWhhVzR2WVdRdlkyeHBaVzUwVEc5bmIzVjBMMU5UVDBGamRHbHZibk09O2F3c3NvX2FwOlFVTk47YXdzc29fYXJpZDpNVEk0TXpjMU1Ua3pNVFUwTWc9PTthd3Nzb19rdTphSFIwY0RvdkwyMXlaV1JrZVRvNE1UVXdMMU52ZFhKamFXNW5MMDFoYVc0dllXUXZZMnhwWlc1MFMyVmxjRUZzYVhabEwxTlRUMEZqZEdsdmJuTT07YXdzc29fZmw6TVE9PQ%3D%3D%3AXisXJg4DaDEQTxKYpA5sRhwAfLQ%3D&awsso_ap=ACM&awsso_hpk=true&passwordadapter=SourcingSupplierUser&realm=s4All&awsr=true","en-us,en;q=0.5","Mozilla/5.0 (Macintosh; U; Intel Mac OS X 10.6; en-US; rv:1.9.1.5) Gecko/20091102 Firefox/3.5.5",,,,,,8,,,,,2,15,,2,3,4,19,,2,9,6,0,6,0,19453,19079,,,,,,,,30,63,
Sun Sep 05 22:45:40 PDT 2010,,,Node1,:,,"ariba.ui.aribaweb.core.AWXDebugResourceActions","content",,,,Success,,,,,,,,,,,,,,,,,,,,,,,,,,,,,,,,,33989,0,,,,,,,,0,0,
Sun Sep 05 22:45:40 PDT 2010,,,Node1,:,,"ariba.ui.aribaweb.core.AWXDebugResourceActions","content",,,,Success,,,,,,,,,,,,,,,,,,,,,,,,,,,,,,,,,1824,0,,,,,,,,0,0,
Sun Sep 05 22:45:40 PDT 2010,,,Node1,:,,"ariba.ui.aribaweb.core.AWXDebugResourceActions","content",,,,Success,,,,,,,,,,,,,,,,,,,,,,,,,,,,,,,,,93299,0,,,,,,,,0,0,
Sun Sep 05 22:45:40 PDT 2010,,,Node1,:,,"ariba.ui.aribaweb.core.AWXDebugResourceActions","content",,,,Success,,,,,,,,,,,,,,,,,,,,,,,,,,,,,,,,,94130,0,,,,,,,,0,1,
Sun Sep 05 22:45:47 PDT 2010,s4All,Production,Node1,9041A9DE83F2BC41CFCFC0F579C08E83:10.12.105.84,,"ariba.ui.sso.SSOActions","login",ariba/ui/sso/SSOMain,,User,Success,,,,,,"http://mreddy:8150/Sourcing/Main/ad/login/SSOActions?awr=1&passwordadapter=SourcingSupplierUser&realm=s4All","en-us,en;q=0.5","Mozilla/5.0 (Macintosh; U; Intel Mac OS X 10.6; en-US; rv:1.9.1.5) Gecko/20091102 Firefox/3.5.5",,,,,,8,,,,,2,9,,2,3,4,15,,2,3,6,0,6,0,19453,19079,,,,,,,,40,58,
Sun Sep 05 22:45:47 PDT 2010,,,Node1,:,,"ariba.ui.aribaweb.core.AWXDebugResourceActions","content",,,,Success,,,,,,,,,,,,,,,,,,,,,,,,,,,,,,,,,33989,0,,,,,,,,0,0,
Sun Sep 05 22:45:47 PDT 2010,,,Node1,:,,"ariba.ui.aribaweb.core.AWXDebugResourceActions","content",,,,Success,,,,,,,,,,,,,,,,,,,,,,,,,,,,,,,,,1824,0,,,,,,,,0,0,
Sun Sep 05 22:45:47 PDT 2010,,,Node1,:,,"ariba.ui.aribaweb.core.AWXDebugResourceActions","content",,,,Success,,,,,,,,,,,,,,,,,,,,,,,,,,,,,,,,,94130,0,,,,,,,,0,1,
Sun Sep 05 22:45:47 PDT 2010,,,Node1,:,,"ariba.ui.aribaweb.core.AWXDebugResourceActions","content",,,,Success,,,,,,,,,,,,,,,,,,,,,,,,,,,,,,,,,93299,0,,,,,,,,0,1,
Sun Sep 05 22:46:02 PDT 2010,System,Production,Node1,1E4CE7554C677378BB66BC1360B1B4A2:10.12.105.84,,"ariba.collaborate.appui.DirectAction","default",ariba/ui/aribaweb/core/AWRedirect,,User,Success,,,,,,,"en-us,en;q=0.5","Mozilla/5.0 (Macintosh; U; Intel Mac OS X 10.6; en-US; rv:1.9.1.5) Gecko/20091102 Firefox/3.5.5",,,,,,6,,,,,,,6,,,,,,,,,,,,1221,1221,,,,,,,,0,11,
Sun Sep 05 22:46:03 PDT 2010,System,Production,Node1,1E4CE7554C677378BB66BC1360B1B4A2:10.12.105.84,,"ariba.ui.sso.SSOActions","loginPage",ariba/ui/sso/SSOMain,,User,Success,,,,,,,"en-us,en;q=0.5","Mozilla/5.0 (Macintosh; U; Intel Mac OS X 10.6; en-US; rv:1.9.1.5) Gecko/20091102 Firefox/3.5.5",,,,,,6,,,,,,,,,,,,,,,,,,,19044,18675,,,,,,,,30,107,
Sun Sep 05 22:46:03 PDT 2010,,,Node1,:,,"ariba.ui.aribaweb.core.AWXDebugResourceActions","content",,,,Success,,,,,,,,,,,,,,,,,,,,,,,,,,,,,,,,,33989,0,,,,,,,,0,0,
Sun Sep 05 22:46:03 PDT 2010,,,Node1,:,,"ariba.ui.aribaweb.core.AWXDebugResourceActions","content",,,,Success,,,,,,,,,,,,,,,,,,,,,,,,,,,,,,,,,1824,0,,,,,,,,0,0,
Sun Sep 05 22:46:03 PDT 2010,,,Node1,:,,"ariba.ui.aribaweb.core.AWXDebugResourceActions","content",,,,Success,,,,,,,,,,,,,,,,,,,,,,,,,,,,,,,,,93299,0,,,,,,,,0,0,
Sun Sep 05 22:46:03 PDT 2010,,,Node1,:,,"ariba.ui.aribaweb.core.AWXDebugResourceActions","content",,,,Success,,,,,,,,,,,,,,,,,,,,,,,,,,,,,,,,,94130,0,,,,,,,,0,1,
Sun Sep 05 22:46:08 PDT 2010,s4All,Production,Node1,1E4CE7554C677378BB66BC1360B1B4A2:10.12.105.84,ghalas,"ariba.ui.sso.SSOActions","login",ariba/ui/aribaweb/core/AWRedirect,,User,Success,,,,,,"http://mreddy:8150/Sourcing/Main/ad/loginPage/SSOActions?awsso_cc=cmVhbG06Y3pSaGJHdz07YXdzc29fcnU6YUhSMGNEb3ZMMjF5WldSa2VUbzRNVFV3TDFOdmRYSmphVzVuTDAxaGFXNC9jbVZoYkcwOWN6UmhiR3c9O2F3c3NvX2x1OmFIUjBjRG92TDIxeVpXUmtlVG80TVRVd0wxTnZkWEpqYVc1bkwwMWhhVzR2WVdRdlkyeHBaVzUwVEc5bmIzVjBMMU5UVDBGamRHbHZibk09O2F3c3NvX2FwOlFVTk47YXdzc29fYXJpZDpNVEk0TXpjMU1UazJNamswT0E9PTthd3Nzb19rdTphSFIwY0RvdkwyMXlaV1JrZVRvNE1UVXdMMU52ZFhKamFXNW5MMDFoYVc0dllXUXZZMnhwWlc1MFMyVmxjRUZzYVhabEwxTlRUMEZqZEdsdmJuTT07YXdzc29fZmw6TVE9PQ%3D%3D%3Av4us4Ucu7u%2BaqFLAtKDj1oEqSQA%3D&awsso_ap=ACM&awsso_hpk=true&realm=s4all&awsr=true","en-us,en;q=0.5","Mozilla/5.0 (Macintosh; U; Intel Mac OS X 10.6; en-US; rv:1.9.1.5) Gecko/20091102 Firefox/3.5.5",,,,15,66,276,119,0,20,80,19,336,76,114,235,93,139,1,10,19,60,0,60,3,209,209,,,,,,,,350,768,
Sun Sep 05 22:46:08 PDT 2010,s4All,Production,Node1,1E4CE7554C677378BB66BC1360B1B4A2:10.12.105.84,ghalas,"ariba.ui.sso.SSOActions","loginRedirect",,,,Success,,,,,,"http://mreddy:8150/Sourcing/Main/ad/loginPage/SSOActions?awsso_cc=cmVhbG06Y3pSaGJHdz07YXdzc29fcnU6YUhSMGNEb3ZMMjF5WldSa2VUbzRNVFV3TDFOdmRYSmphVzVuTDAxaGFXNC9jbVZoYkcwOWN6UmhiR3c9O2F3c3NvX2x1OmFIUjBjRG92TDIxeVpXUmtlVG80TVRVd0wxTnZkWEpqYVc1bkwwMWhhVzR2WVdRdlkyeHBaVzUwVEc5bmIzVjBMMU5UVDBGamRHbHZibk09O2F3c3NvX2FwOlFVTk47YXdzc29fYXJpZDpNVEk0TXpjMU1UazJNamswT0E9PTthd3Nzb19rdTphSFIwY0RvdkwyMXlaV1JrZVRvNE1UVXdMMU52ZFhKamFXNW5MMDFoYVc0dllXUXZZMnhwWlc1MFMyVmxjRUZzYVhabEwxTlRUMEZqZEdsdmJuTT07YXdzc29fZmw6TVE9PQ%3D%3D%3Av4us4Ucu7u%2BaqFLAtKDj1oEqSQA%3D&awsso_ap=ACM&awsso_hpk=true&realm=s4all&awsr=true","en-us,en;q=0.5","Mozilla/5.0 (Macintosh; U; Intel Mac OS X 10.6; en-US; rv:1.9.1.5) Gecko/20091102 Firefox/3.5.5",,,,,,2,,,,,,,,,,,,,,,,,,,2514,2434,,,,,,,,0,8,
Sun Sep 05 22:46:09 PDT 2010,s4All,Production,Node1,:,,"ariba.collaborate.appui.DirectAction","default",ariba/ui/aribaweb/core/AWRedirect,,User,Success,,,,,,,,,,,,6,8,90,14,0,,,5,53,78,5,8,17,15,,3,13,20,0,20,1,145,145,,,,,,,,80,141,
Sun Sep 05 22:46:10 PDT 2010,,,Node1,:,,"ariba.ui.aribaweb.core.AWXDebugResourceActions","content",,,,Success,,,,,,,,,,,,,,,,,,,,,,,,,,,,,,,,,33989,0,,,,,,,,0,0,
Sun Sep 05 22:46:10 PDT 2010,,,Node1,:,,"ariba.ui.aribaweb.core.AWXDebugResourceActions","content",,,,Success,,,,,,,,,,,,,,,,,,,,,,,,,,,,,,,,,1824,0,,,,,,,,0,0,
Sun Sep 05 22:46:10 PDT 2010,s4All,Production,Node1,90616B0D6B3129597D490735C805342F:10.12.105.84,ghalas,"ariba/dashboard/component/DashboardMain","refresh",ariba/dashboard/component/DashboardMain,,User,Success,,,,,,"http://mreddy:8150/Sourcing/Main/ad/loginRedirect/SSOActions?awr=2&u=ZfYuECqn&realm=s4All","en-us,en;q=0.5","Mozilla/5.0 (Macintosh; U; Intel Mac OS X 10.6; en-US; rv:1.9.1.5) Gecko/20091102 Firefox/3.5.5",,,,10,18,45,167,0,,,1,19,4,20,7,10,12,,1,3,11,0,11,0,104754,104547,3,,,,,,,120,718,
Sun Sep 05 22:46:10 PDT 2010,,,Node1,:,,"ariba.ui.aribaweb.core.AWXDebugResourceActions","content",,,,Success,,,,,,,,,,,,,,,,,,,,,,,,,,,,,,,,,93299,0,,,,,,,,0,0,
Sun Sep 05 22:46:10 PDT 2010,,,Node1,:,,"ariba.ui.aribaweb.core.AWXDebugResourceActions","content",,,,Success,,,,,,,,,,,,,,,,,,,,,,,,,,,,,,,,,94130,0,,,,,,,,0,0,
Sun Sep 05 22:46:10 PDT 2010,,,Node1,:,,"ariba.ui.aribaweb.core.AWXDebugResourceActions","content",,,,Success,,,,,,,,,,,,,,,,,,,,,,,,,,,,,,,,,9093,0,,,,,,,,0,0,
Sun Sep 05 22:46:16 PDT 2010,,,Node1,:,,"ariba.collaborate.appui.DirectAction","awres",,,,Success,,,,,,,,,,,,,,,,,,,,,,,,,,,,,,,,,102,0,,,,,,,,0,13,
Sun Sep 05 22:46:16 PDT 2010,,,Node1,:,,"ariba.collaborate.appui.DirectAction","awres",,,,Success,,,,,,,,,,,,,,,,,,,,,,,,,,,,,,,,,61,0,,,,,,,,0,0,
Sun Sep 05 22:46:16 PDT 2010,,,Node1,:,,"ariba.collaborate.appui.DirectAction","awres",,,,Success,,,,,,,,,,,,,,,,,,,,,,,,,,,,,,,,,60,0,,,,,,,,0,0,
Sun Sep 05 22:46:16 PDT 2010,,,Node1,:,,"ariba.collaborate.appui.DirectAction","awres",,,,Success,,,,,,,,,,,,,,,,,,,,,,,,,,,,,,,,,98,0,,,,,,,,0,1,
Sun Sep 05 22:46:16 PDT 2010,s4All,Production,Node1,90616B0D6B3129597D490735C805342F:10.12.105.84,ghalas,"ariba.collaborate.dashboard.CollaborateMainActionsController","createNewProjectOfType",ariba/collaborate/projectui/CreateProjectDetailsPage,,User,Success,,,,,,"http://mreddy:8150/Sourcing/Main/aw?awh=r&awssk=eY0QzUjB&realm=s4All&dard=1","en-us,en;q=0.5","Mozilla/5.0 (Macintosh; U; Intel Mac OS X 10.6; en-US; rv:1.9.1.5) Gecko/20091102 Firefox/3.5.5",,,,26,156,188,124,1,68,1077,7,150,83,31,113,265,1072,1,7,9,86,0,86,2,86466,88702,281,14,1,,,,,550,1883,
Sun Sep 05 22:46:16 PDT 2010,,,Node1,:,,"ariba.collaborate.appui.DirectAction","awres",,,,Success,,,,,,,,,,,,,,,,,,,,,,,,,,,,,,,,,48,0,,,,,,,,0,0,
Sun Sep 05 22:46:16 PDT 2010,,,Node1,:,,"ariba.ui.aribaweb.core.AWXDebugResourceActions","content",,,,Success,,,,,,,,,,,,,,,,,,,,,,,,,,,,,,,,,4661,0,,,,,,,,0,0,
Sun Sep 05 22:46:16 PDT 2010,,,Node1,:,,"ariba.collaborate.appui.DirectAction","awres",,,,Success,,,,,,,,,,,,,,,,,,,,,,,,,,,,,,,,,347,0,,,,,,,,0,0,
Sun Sep 05 22:46:16 PDT 2010,,,Node1,:,,"ariba.collaborate.appui.DirectAction","awres",,,,Success,,,,,,,,,,,,,,,,,,,,,,,,,,,,,,,,,353,0,,,,,,,,0,0,
Sun Sep 05 22:46:16 PDT 2010,,,Node1,:,,"ariba.collaborate.appui.DirectAction","awres",,,,Success,,,,,,,,,,,,,,,,,,,,,,,,,,,,,,,,,374,0,,,,,,,,0,0,
Sun Sep 05 22:46:16 PDT 2010,,,Node1,:,,"ariba.collaborate.appui.DirectAction","awres",,,,Success,,,,,,,,,,,,,,,,,,,,,,,,,,,,,,,,,343,0,,,,,,,,0,0,
Sun Sep 05 22:46:16 PDT 2010,,,Node1,:,,"ariba.collaborate.appui.DirectAction","awres",,,,Success,,,,,,,,,,,,,,,,,,,,,,,,,,,,,,,,,97,0,,,,,,,,0,0,
Sun Sep 05 22:46:16 PDT 2010,,,Node1,:,,"ariba.collaborate.appui.DirectAction","awres",,,,Success,,,,,,,,,,,,,,,,,,,,,,,,,,,,,,,,,371,0,,,,,,,,0,0,
Sun Sep 05 22:46:16 PDT 2010,,,Node1,:,,"ariba.collaborate.appui.DirectAction","awres",,,,Success,,,,,,,,,,,,,,,,,,,,,,,,,,,,,,,,,379,0,,,,,,,,0,1,
Sun Sep 05 22:46:16 PDT 2010,,,Node1,:,,"ariba.collaborate.appui.DirectAction","awres",,,,Success,,,,,,,,,,,,,,,,,,,,,,,,,,,,,,,,,374,0,,,,,,,,0,0,
Sun Sep 05 22:46:16 PDT 2010,,,Node1,:,,"ariba.collaborate.appui.DirectAction","awres",,,,Success,,,,,,,,,,,,,,,,,,,,,,,,,,,,,,,,,375,0,,,,,,,,0,0,
Sun Sep 05 22:46:16 PDT 2010,,,Node1,:,,"ariba.collaborate.appui.DirectAction","awres",,,,Success,,,,,,,,,,,,,,,,,,,,,,,,,,,,,,,,,296,0,,,,,,,,0,0,
Sun Sep 05 22:46:16 PDT 2010,,,Node1,:,,"ariba.collaborate.appui.DirectAction","awres",,,,Success,,,,,,,,,,,,,,,,,,,,,,,,,,,,,,,,,537,0,,,,,,,,0,1,
Sun Sep 05 22:46:17 PDT 2010,,,Node1,:,,"ariba.collaborate.appui.DirectAction","awres",,,,Success,,,,,,,,,,,,,,,,,,,,,,,,,,,,,,,,,317,0,,,,,,,,0,1,
Sun Sep 05 22:46:34 PDT 2010,s4All,Production,Node1,90616B0D6B3129597D490735C805342F:10.12.105.84,ghalas,"ariba/collaborate/projectui/CreateProjectDetailsPage",,ariba/collaborate/projectui/CreateProjectDetailsPage,,User,Success,,,,,,"http://mreddy:8150/Sourcing/Main/aw?awh=r&awssk=eY0QzUjB&realm=s4All&dard=1","en-us,en;q=0.5","Mozilla/5.0 (Macintosh; U; Intel Mac OS X 10.6; en-US; rv:1.9.1.5) Gecko/20091102 Firefox/3.5.5",,,,10,230,129,108,0,,,4,0,6,,,10,214,,,,10,0,10,1,12218,89169,1,28,0,,,,,200,518,
Sun Sep 05 22:46:34 PDT 2010,,,Node1,:,,"ariba.collaborate.appui.DirectAction","awres",,,,Success,,,,,,,,,,,,,,,,,,,,,,,,,,,,,,,,,60,0,,,,,,,,0,0,
Sun Sep 05 22:46:38 PDT 2010,s4All,Production,Node1,90616B0D6B3129597D490735C805342F:10.12.105.84,ghalas,"ariba/collaborate/projectui/CreateProjectDetailsPage",,ariba/collaborate/projectui/CreateProjectDetailsPage,,User,Success,,,,,,"http://mreddy:8150/Sourcing/Main/aw?awh=r&awssk=eY0QzUjB&realm=s4All&dard=1","en-us,en;q=0.5","Mozilla/5.0 (Macintosh; U; Intel Mac OS X 10.6; en-US; rv:1.9.1.5) Gecko/20091102 Firefox/3.5.5",,,,8,18,129,108,0,,,4,0,6,,,8,7,,,,8,0,8,0,5093,88752,,28,0,,,,,80,96,
Sun Sep 05 22:46:46 PDT 2010,,,Node1,:,,"ariba.collaborate.appui.DirectAction","awres",,,,Success,,,,,,,,,,,,,,,,,,,,,,,,,,,,,,,,,65,0,,,,,,,,0,1,
Sun Sep 05 22:46:46 PDT 2010,,,Node1,:,,"ariba.collaborate.appui.DirectAction","awres",,,,Success,,,,,,,,,,,,,,,,,,,,,,,,,,,,,,,,,668,0,,,,,,,,0,0,
Sun Sep 05 22:46:46 PDT 2010,s4All,Production,Node1,90616B0D6B3129597D490735C805342F:10.12.105.84,ghalas,"ariba/collaborate/projectui/CreateProjectDetailsPage",,ariba/collaborate/projectui/PIHome,,User,Success,,,"CW2005:CW2005","Contract Workspace",,"http://mreddy:8150/Sourcing/Main/aw?awh=r&awssk=eY0QzUjB&realm=s4All&dard=1","en-us,en;q=0.5","Mozilla/5.0 (Macintosh; U; Intel Mac OS X 10.6; en-US; rv:1.9.1.5) Gecko/20091102 Firefox/3.5.5",,,,65,1311,574,773,1,242,1323,10,1456,249,52,1364,318,1867,3,20,31,152,2,152,10,69895,71949,385,44,5,,,10,19,1890,6293,
Sun Sep 05 22:46:46 PDT 2010,,,Node1,:,,"ariba.collaborate.appui.DirectAction","awres",,,,Success,,,,,,,,,,,,,,,,,,,,,,,,,,,,,,,,,3019,0,,,,,,,,0,1,
Sun Sep 05 22:46:46 PDT 2010,,,Node1,:,,"ariba.collaborate.appui.DirectAction","awres",,,,Success,,,,,,,,,,,,,,,,,,,,,,,,,,,,,,,,,582,0,,,,,,,,0,0,
Sun Sep 05 22:46:46 PDT 2010,,,Node1,:,,"ariba.collaborate.appui.DirectAction","awres",,,,Success,,,,,,,,,,,,,,,,,,,,,,,,,,,,,,,,,60,0,,,,,,,,0,0,
Sun Sep 05 22:46:46 PDT 2010,,,Node1,:,,"ariba.collaborate.appui.DirectAction","awres",,,,Success,,,,,,,,,,,,,,,,,,,,,,,,,,,,,,,,,3755,0,,,,,,,,0,1,
Sun Sep 05 22:46:46 PDT 2010,,,Node1,:,,"ariba.collaborate.appui.DirectAction","awres",,,,Success,,,,,,,,,,,,,,,,,,,,,,,,,,,,,,,,,114,0,,,,,,,,0,0,
Sun Sep 05 22:46:46 PDT 2010,,,Node1,:,,"ariba.collaborate.appui.DirectAction","awres",,,,Success,,,,,,,,,,,,,,,,,,,,,,,,,,,,,,,,,73,0,,,,,,,,0,1,
Sun Sep 05 22:46:46 PDT 2010,,,Node1,:,,"ariba.collaborate.appui.DirectAction","awres",,,,Success,,,,,,,,,,,,,,,,,,,,,,,,,,,,,,,,,187,0,,,,,,,,0,1,
Sun Sep 05 22:46:46 PDT 2010,,,Node1,:,,"ariba.collaborate.appui.DirectAction","awres",,,,Success,,,,,,,,,,,,,,,,,,,,,,,,,,,,,,,,,642,0,,,,,,,,0,0,
Sun Sep 05 22:46:46 PDT 2010,,,Node1,:,,"ariba.collaborate.appui.DirectAction","awres",,,,Success,,,,,,,,,,,,,,,,,,,,,,,,,,,,,,,,,295,0,,,,,,,,0,1,
Sun Sep 05 22:46:50 PDT 2010,s4All,Production,Node1,90616B0D6B3129597D490735C805342F:10.12.105.84,ghalas,"ariba/collaborate/projectui/PIHome",,ariba/collaborate/projectui/PIHome,,User,Success,,,"CW2005:CW2005","Contract Workspace",,"http://mreddy:8150/Sourcing/Main/aw?awh=r&awssk=eY0QzUjB&realm=s4All&dard=1","en-us,en;q=0.5","Mozilla/5.0 (Macintosh; U; Intel Mac OS X 10.6; en-US; rv:1.9.1.5) Gecko/20091102 Firefox/3.5.5",,,,,,49,,,,,,,,,,,,,,,,,,,13456,69568,3,60,1,,,,,60,62,
Sun Sep 05 22:46:53 PDT 2010,,,Node1,:,,"ariba.collaborate.appui.DirectAction","awres",,,,Success,,,,,,,,,,,,,,,,,,,,,,,,,,,,,,,,,1131,0,,,,,,,,0,0,
Sun Sep 05 22:46:53 PDT 2010,,,Node1,:,,"ariba.collaborate.appui.DirectAction","awres",,,,Success,,,,,,,,,,,,,,,,,,,,,,,,,,,,,,,,,64,0,,,,,,,,0,2,
Sun Sep 05 22:46:53 PDT 2010,,,Node1,:,,"ariba.collaborate.appui.DirectAction","awres",,,,Success,,,,,,,,,,,,,,,,,,,,,,,,,,,,,,,,,1235,0,,,,,,,,0,1,
Sun Sep 05 22:46:53 PDT 2010,,,Node1,:,,"ariba.collaborate.appui.DirectAction","awres",,,,Success,,,,,,,,,,,,,,,,,,,,,,,,,,,,,,,,,178,0,,,,,,,,0,0,
Sun Sep 05 22:46:53 PDT 2010,s4All,Production,Node1,90616B0D6B3129597D490735C805342F:10.12.105.84,ghalas,"ariba/collaborate/projectui/PIHome",,ariba/collaborate/projectui/PIHome,,User,Success,,,"CW2005:CW2005","Contract Workspace",,"http://mreddy:8150/Sourcing/Main/aw?awh=r&awssk=eY0QzUjB&realm=s4All&dard=1","en-us,en;q=0.5","Mozilla/5.0 (Macintosh; U; Intel Mac OS X 10.6; en-US; rv:1.9.1.5) Gecko/20091102 Firefox/3.5.5",,,,1,2,54,0,0,1,15,2,5,3,1,3,4,10,,1,1,3,0,3,0,25419,55407,82,30,2,,,,,230,522,
Sun Sep 05 22:46:53 PDT 2010,,,Node1,:,,"ariba.collaborate.appui.DirectAction","awres",,,,Success,,,,,,,,,,,,,,,,,,,,,,,,,,,,,,,,,1097,0,,,,,,,,0,1,
Sun Sep 05 22:46:53 PDT 2010,,,Node1,:,,"ariba.collaborate.appui.DirectAction","awres",,,,Success,,,,,,,,,,,,,,,,,,,,,,,,,,,,,,,,,187,0,,,,,,,,0,0,
Sun Sep 05 22:46:55 PDT 2010,s4All,Production,Node1,90616B0D6B3129597D490735C805342F:10.12.105.84,ghalas,"ariba/collaborate/projectui/PIHome",,ariba/ui/aribaweb/core/AWUrlRedirect,,User,Success,,,,,,"http://mreddy:8150/Sourcing/Main/aw?awh=r&awssk=eY0QzUjB&realm=s4All&dard=1","en-us,en;q=0.5","Mozilla/5.0 (Macintosh; U; Intel Mac OS X 10.6; en-US; rv:1.9.1.5) Gecko/20091102 Firefox/3.5.5",,,,,,30,,,,,,,,,,,,,,,,,,,571,571,,,,,,,,30,25,
Sun Sep 05 22:46:55 PDT 2010,s4All,Production,Node1,90616B0D6B3129597D490735C805342F:10.12.105.84,ghalas,"ariba.ui.sso.SSOActions","logout",ariba/ui/sso/AWSSOLogoutPage,,User,Success,,,,,,"http://mreddy:8150/Sourcing/Main/aw?awh=r&awssk=eY0QzUjB&realm=s4All&dard=1","en-us,en;q=0.5","Mozilla/5.0 (Macintosh; U; Intel Mac OS X 10.6; en-US; rv:1.9.1.5) Gecko/20091102 Firefox/3.5.5",,,,,,4,,,,,2,5,1,1,2,,,,1,1,1,0,1,0,2157,2147,,,,,,,,10,21,
Sun Sep 05 22:46:55 PDT 2010,s4All,Production,Node1,90616B0D6B3129597D490735C805342F:10.12.105.84,ghalas,"ariba.ui.sso.SSOActions","clientLogout",ariba/ui/aribaweb/core/AWFormRedirect,,User,Success,,,,,,"http://mreddy:8150/Sourcing/Main/ad/logout/SSOActions?awsso_su=aHR0cDovL21yZWRkeTo4MTUwL1NvdXJjaW5nL01haW4%2FcmVhbG09czRBbGwmcGFzc3dvcmRhZGFwdGVyPVBhc3N3b3JkQWRhcHRlcjE%3D%3AwJN0eNMfrTV2jU4QueGlyaZbh4k%3D&awsso_lu=aHR0cDovL21yZWRkeTo4MTUwL1NvdXJjaW5nL01haW4vYWQvY2xpZW50TG9nb3V0L1NTT0FjdGlvbnM%3D%3AAU2EFOuVIddKVA6YdHsnWFjYRqw%3D","en-us,en;q=0.5","Mozilla/5.0 (Macintosh; U; Intel Mac OS X 10.6; en-US; rv:1.9.1.5) Gecko/20091102 Firefox/3.5.5",,,,,,2,,,,,,,,,,,,,,,,,,,620,612,,,,,,,,0,1,
Sun Sep 05 22:46:55 PDT 2010,,,Node1,:,,"ariba.ui.sso.SSOActions","logoutAck",ariba/ui/sso/AWMulticastAckPage,,User,Success,,,,,,,,,,,,,,,,,,,,,,,,,,,,,,,,,79,79,,,,,,,,0,0,
Sun Sep 05 22:46:55 PDT 2010,System,Production,Node1,E05A585DC48F7BB8F9E123D16BF01A4E:10.12.105.84,,"ariba.collaborate.appui.DirectAction","default",ariba/ui/aribaweb/core/AWRedirect,,User,Success,,,,,,"http://mreddy:8150/Sourcing/Main/ad/logout/SSOActions?awsso_su=aHR0cDovL21yZWRkeTo4MTUwL1NvdXJjaW5nL01haW4%2FcmVhbG09czRBbGwmcGFzc3dvcmRhZGFwdGVyPVBhc3N3b3JkQWRhcHRlcjE%3D%3AwJN0eNMfrTV2jU4QueGlyaZbh4k%3D&awsso_lu=aHR0cDovL21yZWRkeTo4MTUwL1NvdXJjaW5nL01haW4vYWQvY2xpZW50TG9nb3V0L1NTT0FjdGlvbnM%3D%3AAU2EFOuVIddKVA6YdHsnWFjYRqw%3D","en-us,en;q=0.5","Mozilla/5.0 (Macintosh; U; Intel Mac OS X 10.6; en-US; rv:1.9.1.5) Gecko/20091102 Firefox/3.5.5",,,,,,6,,,,,,,6,,,,,,,,,,,,1507,1507,,,,,,,,0,10,
Sun Sep 05 22:46:56 PDT 2010,System,Production,Node1,E05A585DC48F7BB8F9E123D16BF01A4E:10.12.105.84,,"ariba.ui.sso.SSOActions","loginPage",ariba/ui/sso/SSOMain,,User,Success,,,,,,"http://mreddy:8150/Sourcing/Main/ad/logout/SSOActions?awsso_su=aHR0cDovL21yZWRkeTo4MTUwL1NvdXJjaW5nL01haW4%2FcmVhbG09czRBbGwmcGFzc3dvcmRhZGFwdGVyPVBhc3N3b3JkQWRhcHRlcjE%3D%3AwJN0eNMfrTV2jU4QueGlyaZbh4k%3D&awsso_lu=aHR0cDovL21yZWRkeTo4MTUwL1NvdXJjaW5nL01haW4vYWQvY2xpZW50TG9nb3V0L1NTT0FjdGlvbnM%3D%3AAU2EFOuVIddKVA6YdHsnWFjYRqw%3D","en-us,en;q=0.5","Mozilla/5.0 (Macintosh; U; Intel Mac OS X 10.6; en-US; rv:1.9.1.5) Gecko/20091102 Firefox/3.5.5",,,,,,6,,,,,,,,,,,,,,,,,,,19156,18787,,,,,,,,20,104,
Sun Sep 05 22:46:56 PDT 2010,,,Node1,:,,"ariba.ui.aribaweb.core.AWXDebugResourceActions","content",,,,Success,,,,,,,,,,,,,,,,,,,,,,,,,,,,,,,,,33989,0,,,,,,,,0,0,
Sun Sep 05 22:46:56 PDT 2010,,,Node1,:,,"ariba.ui.aribaweb.core.AWXDebugResourceActions","content",,,,Success,,,,,,,,,,,,,,,,,,,,,,,,,,,,,,,,,1824,0,,,,,,,,0,1,
Sun Sep 05 22:46:56 PDT 2010,,,Node1,:,,"ariba.ui.aribaweb.core.AWXDebugResourceActions","content",,,,Success,,,,,,,,,,,,,,,,,,,,,,,,,,,,,,,,,93299,0,,,,,,,,0,0,
Sun Sep 05 22:46:56 PDT 2010,,,Node1,:,,"ariba.ui.aribaweb.core.AWXDebugResourceActions","content",,,,Success,,,,,,,,,,,,,,,,,,,,,,,,,,,,,,,,,94130,0,,,,,,,,0,0,
